"我",我,,3,272,1392,2,0.566832,0.617904,0.003476,0.064314,0.064314,0.002239
"和",和,,1,605,4008,2,0.67872,0.763319,0.029939,0.109343,0.109343,0.005062
"的",的,,1,795,8250,2,0.764863,0.846288,0.071916,0.124947,0.124946,0.006909
"同",同,,0,345,1830,3,0.586879,0.649199,0.005369,0.078233,0.078233,0.002796
"事",事,,1,321,1462,2,0.580923,0.639301,0.006345,0.073701,0.073701,0.002674
"已",已,,3,242,960,2,0.558537,0.604803,0.002874,0.05603,0.05603,0.002016
"经",经,,0,360,1910,2,0.59265,0.656332,0.007465,0.07707,0.07707,0.002978
"多",多,,4,349,1488,3,0.588992,0.651383,0.00761,0.075273,0.075273,0.002884
"次",次,,3,123,406,3,0.526195,0.55182,0.000244,0.037398,0.037398,0.001025
"介",介,,1,58,176,3,0.507086,0.520961,0.000052,0.0176,0.0176,0.000559
"绍",绍,,1,58,176,3,0.507086,0.520961,0.000052,0.0176,0.0176,0.000559
"了",了,,1,363,1656,2,0.593572,0.657642,0.007794,0.077217,0.077217,0.00301
"有",有,,1,513,3100,2,0.64362,0.723144,0.019586,0.099675,0.099675,0.004288
"关",关,,1,425,2426,2,0.613283,0.684716,0.009272,0.090086,0.090086,0.003462
"情",情,,0,127,480,3,0.526679,0.553275,0.000641,0.033281,0.033281,0.001106
"况",况,,1,97,338,3,0.51693,0.538574,0.000316,0.02526,0.02526,0.000879
"今",今,,0,149,462,3,0.532311,0.563028,0.001563,0.036302,0.036302,0.0013
"天",天,,1,98,268,3,0.517397,0.539156,0.001777,0.025752,0.025752,0.000908
"愿",愿,,1,112,340,3,0.523548,0.547016,0.000391,0.031107,0.031107,0.000966
"作",作,,0,345,1916,2,0.588084,0.649782,0.005855,0.076418,0.076418,0.002838
"一",一,,1,534,3462,2,0.651308,0.732314,0.023531,0.100278,0.100278,0.004542
"些",些,,1,212,776,3,0.548109,0.590393,0.002223,0.048309,0.048309,0.001807
"补",补,,1,10,18,3,0.426602,0.444978,0,0.002329,0.002329,0.00019
"充",充,,1,88,236,3,0.515534,0.53508,0.000267,0.024158,0.024158,0.000794
"中",中,,1,744,8396,2,0.739664,0.824017,0.048862,0.122347,0.122347,0.006339
"方",方,,3,585,5036,3,0.670375,0.75444,0.027439,0.107047,0.107047,0.004905
"直",直,,0,108,296,3,0.521165,0.544396,0.000244,0.030463,0.030463,0.000924
"积",积,,0,196,652,3,0.545498,0.584279,0.000959,0.05047,0.05047,0.001598
"极",极,,0,211,736,3,0.549424,0.59083,0.00139,0.05179,0.05179,0.001725
"支",支,,0,211,758,3,0.549161,0.590684,0.00103,0.056624,0.056624,0.001695
"持",持,,0,306,1490,3,0.576246,0.632606,0.002811,0.074281,0.074281,0.002435
"新",新,,0,263,1084,2,0.564317,0.613974,0.003759,0.059975,0.059975,0.002197
"冠",冠,,0,65,184,3,0.505966,0.522271,0.000118,0.018426,0.018426,0.000617
"肺",肺,,0,49,140,3,0.499128,0.5131,0.000068,0.015221,0.015221,0.000491
"炎",炎,,0,49,140,3,0.499128,0.5131,0.000068,0.015221,0.015221,0.000491
"疫",疫,,0,162,726,3,0.5363,0.569141,0.000858,0.042858,0.042858,0.001351
"苗",苗,,0,135,502,3,0.529357,0.557205,0.000345,0.037666,0.037666,0.001121
"实",实,,0,442,2476,2,0.618919,0.69214,0.012106,0.089518,0.089518,0.003671
"施",施,,0,204,1054,3,0.547585,0.587773,0.001258,0.052015,0.052015,0.001669
"计",计,,0,163,670,3,0.536803,0.569723,0.000829,0.042699,0.042699,0.001362
"划",划,,0,124,508,3,0.526195,0.552111,0.00037,0.034756,0.034756,0.001052
"国",国,,1,829,12516,2,0.782638,0.861135,0.072931,0.128135,0.128135,0.007159
"全",全,,1,335,1570,3,0.584184,0.644978,0.004835,0.076829,0.076829,0.002715
"球",球,,0,141,480,3,0.529847,0.559243,0.000651,0.036503,0.036503,0.001194
"免",免,,0,53,120,3,0.501313,0.515721,0.000027,0.016599,0.016599,0.000508
"联",联,,0,144,438,3,0.530093,0.560262,0.000577,0.037222,0.037222,0.001211
"盟",盟,,4,149,548,3,0.532558,0.563173,0.000938,0.036633,0.036633,0.001283
"签",签,,3,42,110,3,0.4946,0.508006,0.000083,0.011254,0.011254,0.000441
"署",署,,3,42,110,3,0.4946,0.508006,0.000083,0.011254,0.011254,0.000441
"协",协,,3,147,482,3,0.532806,0.562737,0.000878,0.040118,0.040118,0.001233
"议",议,,3,238,1164,3,0.556365,0.602475,0.00248,0.057275,0.057275,0.001951
"正",正,,1,355,1732,3,0.590815,0.654003,0.006907,0.079209,0.079209,0.002917
"式",式,,3,96,270,3,0.515534,0.537409,0.000385,0.027082,0.027082,0.000857
"加",加,,3,220,880,3,0.552073,0.594905,0.00196,0.054289,0.054289,0.001824
"入",入,,0,164,490,3,0.536803,0.570015,0.001178,0.039261,0.039261,0.001384
"当",当,,1,178,572,3,0.538824,0.575255,0.002007,0.042055,0.042055,0.001528
"前",前,,0,165,512,3,0.536049,0.569869,0.002571,0.039212,0.039212,0.001464
"四",四,,0,57,152,3,0.503297,0.518195,0.000121,0.014354,0.014354,0.000566
"种",种,,4,106,258,3,0.517397,0.541485,0.000646,0.02445,0.02445,0.000947
"病",病,,4,66,170,3,0.505296,0.522125,0.000107,0.016157,0.016157,0.000621
"毒",毒,,4,46,110,3,0.48869,0.505095,0.000054,0.01016,0.01016,0.000473
"进",进,,0,315,1338,3,0.577991,0.636099,0.00397,0.073106,0.073106,0.00255
"三",三,,0,130,408,3,0.526195,0.553857,0.000676,0.033808,0.033808,0.001119
"期",期,,3,133,362,3,0.527407,0.555459,0.000537,0.034242,0.034242,0.001128
"临",临,,0,57,132,3,0.503076,0.518049,0.000054,0.014685,0.014685,0.000544
"床",床,,0,23,44,3,0.47629,0.48952,0,0.005536,0.005536,0.00029
"试",试,,0,70,178,3,0.510705,0.526783,0.00006,0.021146,0.021146,0.000635
"验",验,,4,157,518,3,0.534547,0.566667,0.000898,0.038979,0.038979,0.001331
"并",并,,3,174,538,3,0.538824,0.57409,0.00174,0.043006,0.043006,0.001471
"且",且,,0,15,28,3,0.463751,0.477729,0,0.00347,0.00347,0.000236
"具",具,,0,58,146,3,0.506189,0.520378,0.000115,0.015995,0.015995,0.000579
"备",备,,1,28,58,3,0.48869,0.499854,0.000026,0.007267,0.007267,0.000347
"足",足,,0,23,46,3,0.47314,0.487191,0.000007,0.00606,0.00606,0.000296
"够",够,,0,73,168,3,0.511618,0.528239,0.000121,0.022097,0.022097,0.000672
"生",生,,4,314,1420,2,0.578868,0.636245,0.006634,0.067888,0.067888,0.00263
"产",产,,0,103,280,3,0.518804,0.541485,0.000602,0.025443,0.025443,0.000916
"自",自,,1,236,822,3,0.555825,0.601601,0.003354,0.055139,0.055139,0.001994
"给",给,,2,55,136,3,0.502855,0.517322,0.000097,0.014456,0.014456,0.00055
"能",能,,0,224,868,3,0.552606,0.596361,0.002202,0.052342,0.052342,0.001865
"力",力,,0,255,1044,3,0.561,0.609898,0.002728,0.061945,0.061945,0.002097
"但",但,,0,38,100,3,0.495671,0.507569,0.000023,0.01163,0.01163,0.000403
"还",还,,0,193,562,3,0.543427,0.582242,0.00271,0.044162,0.044162,0.001678
"是",是,,1,521,2784,2,0.646527,0.726638,0.025378,0.09674,0.09674,0.004504
"决",决,,3,213,916,3,0.549952,0.591703,0.002085,0.051604,0.051604,0.001763
"定",定,,1,255,1026,3,0.561825,0.610335,0.002603,0.061209,0.061209,0.002076
"此",此,,3,213,782,3,0.549424,0.591412,0.002036,0.053904,0.053904,0.001759
"举",举,,3,133,382,3,0.529602,0.556769,0.000596,0.035952,0.035952,0.001132
"目",目,,4,203,674,3,0.547323,0.587336,0.002078,0.048536,0.048536,0.001713
"以",以,,3,283,1166,3,0.569085,0.622271,0.00388,0.064691,0.064691,0.002326
"际",际,,1,242,1186,3,0.558264,0.604658,0.001367,0.063819,0.063819,0.00193
"行",行,,3,363,1546,3,0.593264,0.657496,0.007896,0.079337,0.079337,0.002977
"动",动,,0,344,1560,3,0.587481,0.649199,0.005143,0.080469,0.080469,0.002782
"促",促,,0,129,450,3,0.525712,0.553275,0.000452,0.035578,0.035578,0.001099
"公",公,,1,408,2078,2,0.607749,0.677293,0.008913,0.086469,0.086469,0.003324
"平",平,,1,212,794,3,0.550216,0.591557,0.002435,0.054266,0.054266,0.001775
"分",分,,1,229,970,3,0.554748,0.598981,0.002349,0.056443,0.056443,0.001902
"配",配,,3,21,40,3,0.483939,0.494469,0,0.007752,0.007752,0.000267
"确",确,,3,116,390,3,0.52307,0.547889,0.000288,0.033,0.033,0.00099
"保",保,,1,170,602,3,0.538064,0.572489,0.000846,0.043601,0.043601,0.001406
"为",为,,0,410,2096,2,0.608395,0.678166,0.010254,0.087529,0.087529,0.003364
"发",发,,0,435,2546,2,0.616586,0.689083,0.009314,0.090629,0.090629,0.003539
"展",展,,0,291,1544,3,0.571072,0.625619,0.002898,0.067531,0.067531,0.002366
"家",家,,0,429,2452,2,0.6146,0.686463,0.009359,0.091576,0.091576,0.003493
"提",提,,0,225,966,3,0.553675,0.597234,0.002026,0.058175,0.058175,0.001842
"供",供,,0,202,750,3,0.547062,0.5869,0.001203,0.052846,0.052846,0.001643
"时",时,,3,187,726,3,0.542911,0.580204,0.00112,0.046941,0.046941,0.001546
"带",带,,0,123,354,3,0.525953,0.551674,0.000448,0.031416,0.031416,0.001058
"更",更,,0,177,592,3,0.538317,0.574672,0.002197,0.040946,0.040946,0.001543
"最",最,,0,146,468,3,0.532063,0.562009,0.000774,0.03813,0.03813,0.001246
"大",大,,0,327,1522,2,0.582697,0.641921,0.005476,0.074279,0.074279,0.002673
"济",济,,0,276,1276,3,0.566832,0.619068,0.002693,0.06646,0.06646,0.002241
"体",体,,4,192,618,3,0.543169,0.581805,0.001672,0.046338,0.046338,0.001593
"相",相,,0,200,744,3,0.5468,0.586172,0.001117,0.052647,0.052647,0.001629
"信",信,,0,230,784,3,0.553943,0.598836,0.00218,0.055288,0.055288,0.001894
"将",将,,0,307,1212,3,0.575666,0.632606,0.003487,0.072333,0.072333,0.002475
"助",助,,0,123,418,3,0.521878,0.549199,0.000953,0.032218,0.032218,0.001096
"于",于,,0,217,802,3,0.551011,0.59345,0.001764,0.053133,0.053133,0.001785
"增",增,,0,141,586,3,0.530093,0.559389,0.000831,0.037473,0.037473,0.00121
"强",强,,3,172,630,3,0.538317,0.573217,0.001166,0.044164,0.044164,0.001445
"企",企,,2,222,964,3,0.552606,0.595779,0.001535,0.055153,0.055153,0.001809
"业",业,,2,285,1280,3,0.570219,0.623435,0.005118,0.066535,0.066535,0.00237
"谈",谈,,0,62,152,3,0.498476,0.516448,0.000147,0.016138,0.016138,0.000597
"判",判,,0,66,166,3,0.506861,0.523144,0.000098,0.019556,0.019556,0.000608
"激",激,,0,11,20,3,0.411722,0.43115,0,0.002556,0.002556,0.000197
"励",励,,0,41,86,3,0.493747,0.507132,0.000083,0.01168,0.01168,0.000434
"高",高,,0,190,646,3,0.543427,0.581368,0.001343,0.047184,0.047184,0.00157
"量",量,,0,88,226,3,0.513453,0.53377,0.000386,0.023382,0.023382,0.000801
"在",在,,1,538,3432,3,0.651308,0.733479,0.025345,0.101028,0.101028,0.004554
"可",可,,0,219,862,3,0.550746,0.593886,0.002038,0.052128,0.052128,0.00182
"及",及,,3,208,660,3,0.547847,0.589083,0.001317,0.052444,0.052444,0.001693
"性",性,,3,213,860,3,0.548634,0.590975,0.002298,0.051495,0.051495,0.00176
"担",担,,1,81,222,3,0.511618,0.530568,0.000139,0.023215,0.023215,0.000729
"负",负,,0,102,348,3,0.518804,0.541194,0.000232,0.027636,0.027636,0.000885
"这",这,,1,333,1342,3,0.583291,0.643959,0.0066,0.072482,0.072482,0.002784
"秉",秉,,1,67,188,3,0.505966,0.522853,0.000048,0.020229,0.020229,0.000608
"人",人,,1,484,2812,2,0.633296,0.71048,0.014868,0.094006,0.094006,0.004035
"类",类,,4,102,264,3,0.5181,0.540757,0.00028,0.026306,0.026306,0.000894
"卫",卫,,1,33,68,3,0.488481,0.501164,0.000014,0.009854,0.009854,0.000365
"健",健,,1,53,132,3,0.501533,0.515866,0.000023,0.016178,0.016178,0.000509
"康",康,,1,64,166,3,0.506189,0.522125,0.000053,0.018789,0.018789,0.000593
"共",共,,0,290,1248,3,0.570788,0.625182,0.003648,0.06555,0.06555,0.002378
"理",理,,3,289,1160,3,0.570788,0.624891,0.003398,0.066465,0.066465,0.002339
"念",念,,3,44,90,3,0.497826,0.510771,0.000042,0.012307,0.012307,0.000464
"履",履,,3,58,144,3,0.500437,0.516594,0.000042,0.015952,0.015952,0.000544
"身",身,,1,138,402,3,0.529113,0.557933,0.000669,0.034855,0.034855,0.001187
"承",承,,3,89,280,3,0.514145,0.534498,0.00011,0.025674,0.025674,0.000776
"诺",诺,,3,69,168,3,0.506637,0.523872,0.000152,0.019432,0.019432,0.000634
"推",推,,0,168,604,3,0.536551,0.571033,0.00073,0.04437,0.04437,0.001386
"成",成,,0,220,724,3,0.551541,0.594614,0.002763,0.051316,0.051316,0.00184
"品",品,,4,139,376,3,0.52838,0.557787,0.001075,0.032491,0.032491,0.001205
"重",重,,1,280,1246,3,0.568803,0.621252,0.00282,0.066085,0.066085,0.002259
"要",要,,0,273,1102,3,0.566832,0.618195,0.002376,0.066124,0.066124,0.002195
"措",措,,3,98,358,3,0.51693,0.538865,0.000198,0.02663,0.02663,0.000848
"与",与,,0,214,822,3,0.549424,0.591703,0.001547,0.055055,0.055055,0.001745
"政",政,,1,374,1926,3,0.596044,0.662009,0.007187,0.080562,0.080562,0.003072
"府",府,,1,207,728,3,0.547585,0.588646,0.001324,0.052716,0.052716,0.001692
"研",研,,2,43,106,3,0.489107,0.504512,0.000017,0.011963,0.011963,0.000434
"参",参,,0,77,194,3,0.509795,0.528239,0.000197,0.020704,0.020704,0.000714
"起",起,,1,138,408,3,0.530093,0.558515,0.000487,0.037567,0.037567,0.001168
"合",合,,0,312,1690,3,0.577117,0.634789,0.003827,0.073084,0.073084,0.002532
"向",向,,0,256,1010,3,0.561275,0.610335,0.003228,0.059938,0.059938,0.002112
"们",们,,3,278,1144,3,0.567956,0.620233,0.003621,0.064642,0.064642,0.002296
"也",也,,1,297,1052,3,0.572786,0.628239,0.003729,0.070497,0.070497,0.002417
"据",据,,1,128,430,3,0.526921,0.553712,0.000687,0.034008,0.034008,0.001094
"所",所,,1,321,1348,3,0.580335,0.63901,0.006101,0.069197,0.069197,0.002688
"知",知,,1,7,24,3,0.391855,0.409461,0,0.00117,0.00117,0.000169
"不",不,,1,420,2014,3,0.611319,0.682387,0.016965,0.0872,0.0872,0.003601
"少",少,,1,128,396,3,0.527407,0.554003,0.002774,0.031887,0.031887,0.001167
"表",表,,3,171,736,3,0.539585,0.573654,0.001067,0.048158,0.048158,0.001403
"达",达,,3,109,312,3,0.522354,0.545415,0.000308,0.033624,0.033624,0.000924
"意",意,,3,298,1284,3,0.573647,0.628967,0.004265,0.06631,0.06631,0.002458
"双",双,,0,127,386,3,0.525953,0.552838,0.000431,0.034854,0.034854,0.001076
"技",技,,2,130,434,3,0.526921,0.554294,0.000552,0.032041,0.032041,0.001116
"术",术,,2,94,320,3,0.515998,0.537118,0.00026,0.023917,0.023917,0.00084
"专",专,,2,27,58,3,0.459839,0.478166,0,0.006465,0.006465,0.000317
"就",就,,3,227,746,3,0.552873,0.59738,0.002384,0.05503,0.05503,0.001873
"认",认,,1,99,262,3,0.517631,0.539592,0.000224,0.027505,0.027505,0.000859
"证",证,,2,76,182,3,0.505966,0.525473,0.000114,0.020002,0.020002,0.000684
"监",监,,2,58,130,3,0.5,0.516303,0.000081,0.015609,0.015609,0.000557
"管",管,,2,46,108,3,0.495242,0.509607,0.000035,0.011513,0.011513,0.000464
"等",等,,4,297,1098,3,0.573647,0.628675,0.006306,0.065021,0.065021,0.002457
"面",面,,0,254,990,3,0.560725,0.609461,0.002121,0.0618,0.0618,0.002049
"标",标,,0,137,382,3,0.527893,0.556914,0.000853,0.037054,0.037054,0.001172
"准",准,,2,129,386,3,0.526195,0.553566,0.000372,0.035912,0.035912,0.001079
"密",密,,5,119,348,3,0.523548,0.549054,0.000404,0.032328,0.032328,0.001018
"切",切,,3,171,560,3,0.538317,0.572926,0.000806,0.046365,0.046365,0.001403
"沟",沟,,2,33,82,3,0.473336,0.490247,0.000008,0.007906,0.007906,0.000364
"通",通,,0,170,536,3,0.537559,0.572198,0.000911,0.043288,0.043288,0.001405
"形",形,,3,130,450,3,0.526921,0.554294,0.000371,0.034629,0.034629,0.001097
"优",优,,0,98,248,3,0.518804,0.540029,0.000331,0.026491,0.026491,0.000869
"先",先,,4,137,442,3,0.529357,0.557787,0.000721,0.03463,0.03463,0.001171
"包",包,,1,116,332,3,0.524748,0.548908,0.00046,0.032807,0.032807,0.001002
"括",括,,1,116,332,3,0.524748,0.548908,0.00046,0.032807,0.032807,0.001002
"捐",捐,,1,10,18,3,0.418036,0.436972,0,0.001578,0.001578,0.000204
"赠",赠,,1,10,18,3,0.418036,0.436972,0,0.001578,0.001578,0.000204
"无",无,,1,179,628,3,0.53984,0.576128,0.001788,0.042893,0.042893,0.00154
"偿",偿,,0,33,68,3,0.481902,0.496507,0.000088,0.007891,0.007891,0.000393
"援",援,,3,63,154,3,0.501533,0.518777,0.000351,0.016008,0.016008,0.000629
"驻",驻,,3,139,460,3,0.529602,0.558515,0.000484,0.036586,0.036586,0.001172
"瑞",瑞,,0,101,338,3,0.5181,0.540466,0.000205,0.028063,0.028063,0.000873
"典",典,,0,70,184,3,0.51025,0.526492,0.000214,0.019816,0.019816,0.000663
"使",使,,3,158,516,3,0.535547,0.56754,0.000725,0.040711,0.040711,0.001322
"馆",馆,,3,103,316,3,0.519274,0.541776,0.000177,0.028496,0.028496,0.000895
"做",做,,3,199,732,3,0.544719,0.584716,0.001281,0.051934,0.051934,0.001635
"出",出,,0,345,1554,3,0.587782,0.649636,0.007512,0.07675,0.07675,0.002851
"回",回,,1,62,158,3,0.505966,0.521397,0.00003,0.020318,0.020318,0.00057
"应",应,,3,270,996,3,0.565153,0.616448,0.002829,0.063969,0.063969,0.002211
"对",对,,3,447,2538,3,0.62026,0.694178,0.010044,0.094534,0.094534,0.003604
"示",示,,3,117,378,3,0.524748,0.549199,0.000695,0.031896,0.031896,0.001017
"烈",烈,,3,67,182,3,0.504183,0.521689,0.000059,0.018976,0.018976,0.000617
"满",满,,3,44,110,3,0.499128,0.511645,0.000016,0.014531,0.014531,0.000438
"华",华,,1,187,612,3,0.542397,0.579913,0.00178,0.045346,0.045346,0.001577
"兴",兴,,1,46,106,3,0.504405,0.515721,0.000027,0.014681,0.014681,0.000461
"年",年,,0,237,930,3,0.556907,0.602475,0.004042,0.054391,0.054391,0.001993
"来",来,,0,242,802,3,0.556907,0.60393,0.003068,0.053532,0.053532,0.002019
"严",严,,1,185,790,3,0.54214,0.579185,0.000683,0.049974,0.049974,0.001496
"格",格,,1,95,306,3,0.516697,0.537846,0.000141,0.026339,0.026339,0.000823
"遵",遵,,1,69,214,3,0.511389,0.526929,0.000039,0.02139,0.02139,0.000622
"守",守,,1,75,252,3,0.514376,0.530568,0.000065,0.02285,0.02285,0.000671
"地",地,,1,292,1068,3,0.571357,0.626055,0.005331,0.064985,0.064985,0.002439
"法",法,,1,250,1510,3,0.558537,0.607132,0.002605,0.058293,0.058293,0.00206
"律",律,,1,77,248,3,0.513683,0.530713,0.000087,0.022848,0.022848,0.000692
"息",息,,2,90,220,3,0.516464,0.536245,0.00035,0.023804,0.023804,0.000824
"讯",讯,,0,16,30,3,0.44744,0.46492,0,0.004262,0.004262,0.000232
"基",基,,0,233,1056,3,0.555286,0.600437,0.001719,0.057833,0.057833,0.001892
"础",础,,0,125,442,3,0.525229,0.55182,0.000328,0.03519,0.03519,0.001055
"设",设,,0,245,1078,3,0.559082,0.605968,0.002514,0.05935,0.05935,0.002021
"建",建,,0,214,776,3,0.549952,0.591994,0.001583,0.053625,0.053625,0.00175
"贡",贡,,0,70,236,3,0.508437,0.525328,0.000053,0.021648,0.021648,0.000635
"献",献,,0,70,236,3,0.508437,0.525328,0.000053,0.021648,0.021648,0.000635
"市",市,,0,108,292,3,0.522116,0.544978,0.000302,0.027996,0.027996,0.000942
"场",场,,1,247,922,3,0.558809,0.606405,0.002323,0.05971,0.05971,0.00202
"内",内,,1,228,904,3,0.554479,0.598544,0.001937,0.054904,0.054904,0.00188
"欧",欧,,2,46,108,3,0.50374,0.515284,0.000057,0.014046,0.014046,0.000466
"洲",洲,,4,108,332,3,0.522354,0.545124,0.000331,0.029929,0.029929,0.000938
"开",开,,0,219,772,3,0.551011,0.594032,0.002475,0.054475,0.054475,0.001811
"放",放,,1,155,448,3,0.534547,0.566084,0.0012,0.038313,0.038313,0.001337
"没",没,,1,120,324,3,0.524267,0.549782,0.000421,0.031731,0.031731,0.001028
"任",任,,3,286,1364,3,0.568803,0.622999,0.003049,0.065808,0.065808,0.00232
"何",何,,3,178,872,3,0.539331,0.575546,0.000914,0.046089,0.046089,0.001469
"下",下,,0,101,268,3,0.516697,0.539592,0.000351,0.026397,0.026397,0.000899
"安",安,,3,210,1008,3,0.548634,0.590102,0.001351,0.052368,0.052368,0.001712
"借",借,,2,81,210,3,0.512075,0.530859,0.000446,0.019656,0.019656,0.000786
"口",口,,0,170,616,3,0.538064,0.572489,0.001267,0.041305,0.041305,0.00144
"端",端,,4,61,168,3,0.505519,0.520815,0.000172,0.015236,0.015236,0.000601
"抹",抹,,1,57,142,3,0.505966,0.519942,0.00008,0.016783,0.016783,0.000565
"黑",黑,,1,108,298,3,0.521165,0.544396,0.000468,0.027464,0.027464,0.000986
"司",司,,1,65,160,3,0.505742,0.522125,0.000087,0.017121,0.017121,0.000608
"然",然,,1,83,222,3,0.513223,0.532169,0.000273,0.020346,0.020346,0.000773
"打",打,,2,168,562,3,0.537559,0.571616,0.001076,0.04081,0.04081,0.001418
"压",压,,2,113,354,3,0.520691,0.54556,0.000306,0.028624,0.028624,0.000975
"电",电,,4,74,172,3,0.509568,0.52722,0.000582,0.015919,0.015919,0.000753
"常",常,,1,156,512,3,0.532063,0.56492,0.000552,0.040669,0.040669,0.001286
"治",治,,1,188,672,3,0.542911,0.580495,0.001206,0.04813,0.04813,0.001557
"化",化,,4,222,774,3,0.552073,0.595488,0.003023,0.053106,0.053106,0.001861
"悖",悖,,1,17,32,3,0.470806,0.483697,0,0.004967,0.004967,0.000243
"奉",奉,,1,31,70,3,0.491627,0.502766,0.000007,0.009728,0.009728,0.000346
"由",由,,0,85,262,3,0.511846,0.531878,0.000337,0.021705,0.021705,0.000792
"非",非,,4,161,490,3,0.535547,0.568413,0.000781,0.043348,0.043348,0.001333
"歧",歧,,1,63,178,3,0.50485,0.520961,0.000048,0.018095,0.018095,0.000585
"视",视,,1,139,440,3,0.529847,0.558661,0.000424,0.038058,0.038058,0.001165
"原",原,,1,137,506,3,0.529113,0.557642,0.000326,0.039178,0.039178,0.001137
"则",则,,1,128,582,3,0.527407,0.554003,0.000242,0.03593,0.03593,0.001062
"违",违,,1,77,212,3,0.509795,0.528239,0.000112,0.023463,0.023463,0.000695
"反",反,,3,244,1026,3,0.558264,0.60524,0.002873,0.058128,0.058128,0.002037
"贸",贸,,0,127,398,3,0.526437,0.55313,0.00085,0.033013,0.033013,0.001098
"投",投,,0,32,72,3,0.490574,0.502329,0.000007,0.009291,0.009291,0.000353
"资",资,,0,129,360,3,0.526921,0.554003,0.000309,0.035679,0.035679,0.001081
"规",规,,1,161,590,3,0.535547,0.568413,0.000469,0.043859,0.043859,0.001313
"客",客,,1,129,438,3,0.525712,0.553275,0.000594,0.031031,0.031031,0.001141
"观",观,,3,105,286,3,0.519039,0.542213,0.000517,0.0275,0.0275,0.000934
"态",态,,3,147,524,3,0.531076,0.561718,0.000472,0.038702,0.038702,0.001217
"度",度,,0,146,622,3,0.530093,0.560844,0.000391,0.038744,0.038744,0.001202
"纠",纠,,3,20,50,3,0.470419,0.484279,0.000004,0.005651,0.005651,0.000268
"错",错,,3,52,134,3,0.49761,0.512955,0.000039,0.014651,0.014651,0.000508
"误",误,,3,61,172,3,0.502855,0.519068,0.000059,0.0173,0.0173,0.000577
"避",避,,0,23,48,3,0.475498,0.488937,0,0.006629,0.006629,0.000287
"营",营,,1,91,270,3,0.515766,0.536099,0.000176,0.025993,0.025993,0.000796
"消",消,,0,110,284,3,0.52164,0.545269,0.00041,0.028654,0.028654,0.000961
"影",影,,0,89,248,3,0.513453,0.534061,0.000496,0.021126,0.021126,0.000845
"响",响,,0,83,232,3,0.509568,0.52984,0.000186,0.019612,0.019612,0.000763
"社",社,,1,155,584,3,0.533551,0.565502,0.000612,0.043848,0.043848,0.001281
"会",会,,3,310,1672,3,0.577117,0.634207,0.004012,0.07423,0.07423,0.002502
"第",第,,0,165,504,3,0.536803,0.570306,0.001486,0.042864,0.042864,0.001408
"美",美,,1,500,3452,3,0.638595,0.717322,0.015698,0.094968,0.094968,0.004172
"其",其,,3,161,470,3,0.536049,0.568705,0.000908,0.041777,0.041777,0.001359
"他",他,,1,208,686,3,0.548109,0.589229,0.002268,0.046517,0.046517,0.001772
"物",物,,4,219,900,3,0.551276,0.594178,0.003621,0.047407,0.047407,0.001876
"军",军,,1,117,354,3,0.52307,0.54818,0.000662,0.034279,0.034279,0.001024
"活",活,,1,158,578,3,0.534049,0.566667,0.000794,0.04252,0.04252,0.001327
"调",调,,1,82,248,3,0.513683,0.532169,0.000128,0.023856,0.023856,0.000737
"透",透,,5,54,132,3,0.495886,0.512373,0.00004,0.014549,0.014549,0.000518
"明",明,,3,163,600,3,0.535798,0.569141,0.000898,0.040147,0.040147,0.001364
"报",报,,1,100,408,3,0.5181,0.540175,0.000246,0.026193,0.026193,0.000874
"道",道,,1,148,530,3,0.531323,0.562154,0.001038,0.036988,0.036988,0.00128
"东",东,,4,183,782,3,0.54086,0.577875,0.001516,0.04389,0.04389,0.001553
"、",、,,4,35,148,3,0.496746,0.507424,0,0.011122,0.011122,0.000377
"南",南,,4,62,148,3,0.507086,0.522125,0.000122,0.016807,0.016807,0.000603
"亚",亚,,4,113,360,3,0.522116,0.546434,0.000281,0.031636,0.031636,0.000969
"苏",苏,,4,68,184,3,0.509115,0.525182,0.000065,0.020703,0.020703,0.000628
2,2,,4,45,110,3,0.500875,0.5131,0.000015,0.012893,0.012893,0.000455
5,5,,4,41,94,3,0.498259,0.510189,0.000053,0.011979,0.011979,0.000433
"个",个,,1,298,1220,3,0.573647,0.628967,0.007328,0.063729,0.063729,0.002571
"区",区,,1,218,802,3,0.551011,0.593741,0.001955,0.053676,0.053676,0.001805
"许",许,,4,46,106,3,0.500656,0.513246,0.000048,0.013663,0.013663,0.000469
"室",室,,4,96,304,3,0.517397,0.538574,0.000233,0.02535,0.02535,0.000859
"仅",仅,,1,67,180,3,0.508211,0.524309,0.000088,0.019481,0.019481,0.000623
"乌",乌,,4,20,38,3,0.478279,0.490102,0,0.005515,0.005515,0.000273
"克",克,,4,41,98,3,0.492473,0.506259,0.000022,0.010934,0.010934,0.000436
"兰",兰,,3,47,104,3,0.500218,0.513246,0.000062,0.013884,0.013884,0.000482
"立",立,,1,226,966,3,0.55234,0.596798,0.001752,0.055889,0.055889,0.001857
1,1,,4,30,60,3,0.489735,0.501164,0.000014,0.008818,0.008818,0.000352
6,6,,4,20,38,3,0.478279,0.490102,0,0.005515,0.005515,0.000273
"曾",曾,,1,53,116,3,0.500656,0.515284,0.000144,0.014221,0.014221,0.000523
"暴",暴,,1,82,208,3,0.512534,0.531441,0.000173,0.022767,0.022767,0.000737
"过",过,,0,146,410,3,0.530338,0.56099,0.001308,0.033383,0.033383,0.001284
"模",模,,0,71,180,3,0.512075,0.527948,0.000069,0.020879,0.020879,0.000649
"传",传,,0,50,128,3,0.499782,0.513828,0.000062,0.013562,0.013562,0.000495
"染",染,,4,64,152,3,0.498693,0.517176,0.000215,0.013157,0.013157,0.000624
"日",日,,3,152,402,3,0.531076,0.563173,0.001057,0.037072,0.037072,0.001294
"外",外,,1,274,1212,2,0.567393,0.618777,0.003503,0.065233,0.065233,0.002245
"数",数,,1,114,342,3,0.522116,0.546725,0.000437,0.02963,0.02963,0.001
"百",百,,4,60,140,3,0.501313,0.517758,0.000127,0.014602,0.014602,0.000584
"接",接,,4,95,344,3,0.515998,0.537409,0.000155,0.026204,0.026204,0.000825
"触",触,,4,54,184,3,0.500656,0.515575,0.000038,0.01513,0.01513,0.000523
"致",致,,4,120,370,3,0.522116,0.548472,0.000382,0.031856,0.031856,0.001028
"命",命,,4,37,98,3,0.481295,0.497234,0.000012,0.009073,0.009073,0.000399
"微",微,,4,25,58,3,0.475301,0.489374,0,0.00695,0.00695,0.000304
"故",故,,4,38,90,3,0.482105,0.498108,0.000045,0.00898,0.00898,0.000418
"导",导,,4,117,368,3,0.522592,0.547889,0.000436,0.028564,0.028564,0.001019
"者",者,,1,94,222,3,0.515534,0.536827,0.000255,0.023879,0.023879,0.000832
"被",被,,4,60,176,3,0.490574,0.51048,0.000138,0.012692,0.012692,0.000584
"感",感,,4,53,130,3,0.495028,0.511499,0.000078,0.012532,0.012532,0.000531
"播",播,,4,14,26,3,0.428839,0.44818,0,0.00302,0.00302,0.000222
"到",到,,3,251,1008,3,0.559902,0.608151,0.002522,0.060365,0.060365,0.002048
"流",流,,1,114,406,3,0.522831,0.547162,0.000294,0.033456,0.033456,0.000972
"什",什,,4,110,348,3,0.520691,0.544687,0.000297,0.030433,0.030433,0.000946
"么",么,,4,110,348,3,0.520691,0.544687,0.000297,0.030433,0.030433,0.000946
"世",世,,0,186,702,3,0.543169,0.580058,0.001001,0.046103,0.046103,0.001533
"界",界,,0,210,840,3,0.549688,0.590684,0.001372,0.052096,0.052096,0.001724
"如",如,,0,72,186,3,0.506861,0.524891,0.000151,0.018471,0.018471,0.000666
"之",之,,1,158,492,3,0.534797,0.567103,0.000794,0.040538,0.040538,0.001334
"主",主,,0,193,624,3,0.54446,0.582824,0.001639,0.04749,0.04749,0.001615
"从",从,,5,119,378,3,0.524267,0.549491,0.000841,0.030531,0.030531,0.001058
"攫",攫,,4,21,42,3,0.474316,0.487482,0,0.006143,0.006143,0.000276
"取",取,,0,111,362,3,0.521878,0.545706,0.000425,0.028251,0.028251,0.000979
"敏",敏,,4,21,42,3,0.474316,0.487482,0,0.006143,0.006143,0.000276
"源",源,,4,53,120,3,0.502634,0.516594,0.000079,0.014081,0.014081,0.000533
"否",否,,5,18,38,3,0.448492,0.466376,0.000032,0.003815,0.003815,0.000291
"符",符,,1,67,168,3,0.507986,0.524163,0.000081,0.019905,0.019905,0.000617
"存",存,,5,16,36,3,0.444315,0.4623,0.000031,0.002502,0.002502,0.000282
"泄",泄,,5,23,48,3,0.452212,0.470888,0.000049,0.003948,0.003948,0.00034
"漏",漏,,5,51,114,3,0.495242,0.511063,0.000293,0.010547,0.010547,0.000571
"隐",隐,,5,9,16,3,0.423603,0.441921,0,0.001259,0.001259,0.000218
"患",患,,5,9,16,3,0.423603,0.441921,0,0.001259,0.001259,0.000218
"十",十,,0,130,350,3,0.525953,0.553712,0.000731,0.032663,0.032663,0.001132
"几",几,,3,32,64,3,0.482919,0.496943,0.000008,0.008479,0.008479,0.000357
"独",独,,0,100,352,3,0.516464,0.539156,0.00027,0.027883,0.027883,0.00087
"禁",禁,,3,80,346,3,0.510477,0.529549,0.000091,0.022104,0.022104,0.000711
"止",止,,1,110,348,3,0.520455,0.544541,0.000391,0.029189,0.029189,0.000968
"武",武,,3,82,302,3,0.512304,0.531295,0.000223,0.02153,0.02153,0.000741
"器",器,,3,101,358,3,0.518804,0.540902,0.000333,0.026417,0.026417,0.000883
"约",约,,3,41,104,3,0.48869,0.503639,0.000065,0.010004,0.010004,0.000437
"核",核,,3,132,422,3,0.528137,0.555604,0.000786,0.033727,0.033727,0.001139
"查",查,,3,97,322,3,0.514607,0.537118,0.000402,0.024036,0.024036,0.000876
"书",书,,3,33,80,3,0.480688,0.495633,0.000023,0.007981,0.007981,0.000372
"问",问,,1,200,966,3,0.546018,0.585735,0.000978,0.052366,0.052366,0.001629
"题",题,,1,200,966,3,0.546018,0.585735,0.000978,0.052366,0.052366,0.001629
"只",只,,1,68,218,3,0.506861,0.523726,0.000044,0.020917,0.020917,0.000617
"答",答,,3,43,98,3,0.494814,0.508443,0.00001,0.01399,0.01399,0.000431
"真",真,,1,69,180,3,0.509568,0.525764,0.000119,0.020339,0.020339,0.000643
"才",才,,1,69,176,3,0.50485,0.522707,0.000128,0.018959,0.018959,0.000653
"该",该,,1,64,192,3,0.503297,0.520233,0.000103,0.017437,0.017437,0.000616
"本",本,,1,200,700,3,0.546539,0.586026,0.001436,0.04923,0.04923,0.00165
"着",着,,0,73,184,3,0.507761,0.525764,0.000276,0.018759,0.018759,0.000687
"责",责,,3,148,506,3,0.531569,0.5623,0.000434,0.039678,0.039678,0.001218
"义",义,,1,161,466,3,0.535798,0.568559,0.001208,0.039977,0.039977,0.001381
"务",务,,1,252,1012,3,0.560176,0.608588,0.00284,0.05931,0.05931,0.002079
"境",境,,1,172,668,3,0.538317,0.573217,0.001236,0.041598,0.041598,0.001454
"澄",澄,,4,19,36,3,0.47412,0.486754,0,0.006374,0.006374,0.000253
"清",清,,5,86,282,3,0.51507,0.534207,0.000358,0.021966,0.021966,0.000803
"停",停,,1,92,268,3,0.514607,0.535662,0.000276,0.024959,0.024959,0.000831
"阻",阻,,1,34,68,3,0.4817,0.496652,0.000051,0.00747,0.00747,0.00039
"挡",挡,,3,15,28,3,0.411574,0.432169,0,0.002543,0.002543,0.000233
"防",防,,3,46,102,3,0.497178,0.510917,0.000068,0.012843,0.012843,0.000471
"弹",弹,,1,16,32,3,0.431424,0.451092,0,0.002999,0.002999,0.000245
"团",团,,0,59,138,3,0.501753,0.517758,0.000174,0.014537,0.014537,0.000592
"涉",涉,,1,160,856,3,0.536049,0.568413,0.00092,0.042455,0.042455,0.001347
"朝",朝,,0,53,116,3,0.499782,0.514702,0.0001,0.013747,0.013747,0.000528
"鲜",鲜,,1,25,52,3,0.464503,0.481223,0.00004,0.005545,0.005545,0.00033
"战",战,,3,159,544,3,0.535547,0.567831,0.001075,0.036737,0.036737,0.001365
"争",争,,2,29,60,3,0.457451,0.476856,0.000035,0.005737,0.005737,0.000351
"言",言,,1,149,434,3,0.533302,0.56361,0.001013,0.036386,0.036386,0.00129
"论",论,,1,110,282,3,0.519746,0.544105,0.000619,0.026473,0.026473,0.000989
"史",史,,2,76,180,3,0.506861,0.526055,0.000302,0.017477,0.017477,0.000744
"鉴",鉴,,4,24,50,3,0.458183,0.475983,0.000005,0.005044,0.005044,0.000306
"未",未,,3,35,82,3,0.485993,0.5,0.000086,0.00957,0.00957,0.000395
"珍",珍,,1,5,8,3,0.408783,0.426492,0,0.000942,0.000942,0.000175
"爱",爱,,1,5,8,3,0.408783,0.426492,0,0.000942,0.000942,0.000175
"友",友,,0,87,262,3,0.512993,0.533188,0.00011,0.024334,0.024334,0.000765
"好",好,,0,205,736,3,0.548372,0.588501,0.001585,0.051639,0.051639,0.001676
"追",追,,3,74,172,3,0.509795,0.527365,0.000042,0.02302,0.02302,0.000657
"求",求,,3,158,460,3,0.532063,0.565502,0.000727,0.040948,0.040948,0.001328
"注",注,,3,102,376,3,0.519274,0.541485,0.000316,0.029601,0.029601,0.000891
"韩",韩,,3,46,104,3,0.499782,0.512664,0.000005,0.016309,0.016309,0.000446
"交",交,,3,241,962,3,0.557992,0.604221,0.00243,0.060774,0.060774,0.001971
"部",部,,1,182,646,3,0.541884,0.578166,0.001443,0.0456,0.0456,0.001525
"点",点,,4,83,194,3,0.515302,0.533479,0.001897,0.021751,0.021751,0.000828
"近",近,,3,88,228,3,0.513914,0.534061,0.000411,0.022726,0.022726,0.0008
"两",两,,1,213,864,3,0.550481,0.591994,0.001944,0.051931,0.051931,0.001767
"努",努,,0,76,228,3,0.510022,0.528093,0.000078,0.022435,0.022435,0.000684
"至",至,,1,114,306,3,0.522831,0.547162,0.000672,0.027484,0.027484,0.001032
"你",你,,1,47,136,3,0.499782,0.512955,0.00008,0.013857,0.013857,0.000483
"海",海,,1,109,332,3,0.522592,0.54556,0.000223,0.029518,0.029518,0.00093
"门",门,,1,75,192,3,0.51025,0.527948,0.000092,0.021015,0.021015,0.000677
"制",制,,3,157,572,3,0.534298,0.566521,0.000555,0.039999,0.039999,0.001301
"台",台,,1,177,796,3,0.53984,0.575546,0.000975,0.044292,0.044292,0.001481
"谓",谓,,1,220,784,3,0.551807,0.59476,0.002202,0.050088,0.050088,0.001857
"策",策,,1,86,274,3,0.513683,0.533333,0.000116,0.024398,0.024398,0.000759
"互",互,,0,115,494,3,0.51951,0.545415,0.000316,0.031874,0.031874,0.000979
"利",利,,1,243,828,3,0.55772,0.604658,0.003125,0.056749,0.056749,0.002021
"变",变,,4,120,294,3,0.523548,0.549345,0.000751,0.030076,0.030076,0.00105
"希",希,,1,87,258,3,0.513683,0.533624,0.000283,0.023638,0.023638,0.000782
"望",望,,1,87,318,3,0.513683,0.533624,0.000283,0.023638,0.023638,0.000782
"似",似,,1,24,48,3,0.479079,0.491849,0,0.005649,0.005649,0.000299
"评",评,,0,46,96,3,0.492897,0.508006,0.000057,0.009445,0.009445,0.000481
"继",继,,0,125,364,3,0.526437,0.552547,0.000312,0.03398,0.03398,0.001051
"续",续,,0,165,628,3,0.537306,0.570597,0.000583,0.044618,0.044618,0.00135
"干",干,,1,140,488,3,0.529357,0.558661,0.000669,0.037484,0.037484,0.001191
"扰",扰,,1,87,282,3,0.512993,0.533188,0.000142,0.02426,0.02426,0.000773
"系",系,,1,179,662,3,0.539077,0.575691,0.00112,0.042167,0.042167,0.001508
"气",气,,4,53,118,3,0.493109,0.510189,0.000179,0.010289,0.010289,0.000542
"氛",氛,,1,24,48,3,0.479079,0.491849,0,0.005649,0.005649,0.000299
"谢",谢,,1,6,24,3,0.441573,0.45706,0,0.00148,0.00148,0.000162
"李",李,,4,27,60,3,0.47928,0.492868,0,0.007442,0.007442,0.000319
"总",总,,0,91,226,3,0.514376,0.535226,0.000193,0.024845,0.024845,0.000801
"领",领,,4,233,948,3,0.555017,0.600291,0.002822,0.052875,0.052875,0.001947
"上",上,,1,310,1254,3,0.576536,0.633916,0.005197,0.069271,0.069271,0.002553
"宣",宣,,4,39,114,3,0.48869,0.503057,0.000007,0.010801,0.010801,0.000409
"布",布,,4,125,374,3,0.525229,0.55182,0.000895,0.029336,0.029336,0.001092
"菁",菁,,4,50,142,3,0.501753,0.515138,0.000054,0.014447,0.014447,0.0005
"英",英,,4,50,142,3,0.501753,0.515138,0.000054,0.014447,0.014447,0.0005
"奖",奖,,4,65,250,3,0.507086,0.522999,0.000131,0.017433,0.017433,0.000628
"学",学,,4,163,612,3,0.536049,0.569287,0.00214,0.035564,0.035564,0.001442
"金",金,,4,146,612,3,0.532063,0.562009,0.00116,0.035284,0.035284,0.001283
"王",王,,4,25,54,3,0.470226,0.48559,0,0.006118,0.006118,0.000315
"毅",毅,,4,25,54,3,0.470226,0.48559,0,0.006118,0.006118,0.000315
"委",委,,4,47,114,3,0.496101,0.51048,0.000042,0.012884,0.012884,0.000481
"员",员,,1,236,952,3,0.556365,0.601892,0.002111,0.05654,0.05654,0.00195
"兼",兼,,4,25,54,3,0.470226,0.48559,0,0.006118,0.006118,0.000315
"长",长,,0,189,756,3,0.542654,0.58064,0.001795,0.047123,0.047123,0.0016
"各",各,,0,216,792,3,0.550481,0.592868,0.00167,0.054581,0.054581,0.001774
"席",席,,4,52,122,3,0.490784,0.508297,0.000141,0.0123,0.0123,0.000533
"启",启,,4,31,70,3,0.477481,0.492722,0.000014,0.007709,0.007709,0.00036
"仪",仪,,4,25,54,3,0.470226,0.48559,0,0.006118,0.006118,0.000315
"首",首,,4,77,192,3,0.508663,0.527511,0.000117,0.020896,0.020896,0.000695
"话",话,,4,25,54,3,0.482308,0.494469,0,0.006963,0.006963,0.000304
"伙",伙,,4,51,142,3,0.502413,0.515866,0.000018,0.01626,0.01626,0.000493
"伴",伴,,4,51,142,3,0.502413,0.515866,0.000018,0.01626,0.01626,0.000493
"项",项,,4,167,542,3,0.535297,0.570015,0.001239,0.0397,0.0397,0.001418
"—",—,,0,61,154,3,0.506189,0.521252,0.000066,0.017031,0.017031,0.000581
"创",创,,4,25,50,3,0.485993,0.497089,0.000076,0.007336,0.007336,0.000321
"型",型,,5,61,138,3,0.505296,0.52067,0.000197,0.016348,0.016348,0.000606
"旗",旗,,1,42,146,3,0.496746,0.509461,0.000035,0.011942,0.011942,0.000447
"舰",舰,,4,20,38,3,0.484144,0.494323,0,0.006381,0.006381,0.000269
"夯",夯,,0,21,40,3,0.46188,0.47802,0,0.006373,0.006373,0.000272
"文",文,,1,121,374,3,0.523309,0.549491,0.000431,0.032684,0.032684,0.001042
"柱",柱,,0,21,40,3,0.46188,0.47802,0,0.006373,0.006373,0.000272
"挥",挥,,0,34,88,3,0.484759,0.498836,0.000013,0.009977,0.009977,0.000373
"用",用,,1,211,650,3,0.549424,0.59083,0.001767,0.051857,0.051857,0.001748
"始",始,,0,103,284,3,0.518569,0.541339,0.000418,0.025877,0.025877,0.000906
"终",终,,0,84,234,3,0.513683,0.532751,0.000096,0.023251,0.023251,0.00074
"把",把,,1,74,208,3,0.505742,0.524745,0.000154,0.018989,0.018989,0.000698
"周",周,,0,76,216,3,0.51025,0.528239,0.000262,0.021372,0.021372,0.000698
"边",边,,0,176,554,3,0.539585,0.575109,0.00119,0.044458,0.044458,0.00147
"稳",稳,,1,134,568,3,0.526195,0.555022,0.000718,0.034935,0.034935,0.001145
"远",远,,0,46,102,3,0.496746,0.510626,0.000039,0.013064,0.013064,0.000465
"教",教,,1,68,202,3,0.503297,0.521397,0.00017,0.015771,0.015771,0.000663
"育",育,,1,25,60,3,0.482512,0.494614,0.000005,0.007638,0.007638,0.000303
"域",域,,4,190,630,3,0.542911,0.581077,0.001566,0.046102,0.046102,0.001593
"功",功,,1,20,42,3,0.455449,0.472635,0.000022,0.004617,0.004617,0.000281
"去",去,,4,58,130,3,0.503961,0.518923,0.000095,0.015943,0.015943,0.00056
"再",再,,3,64,156,3,0.50485,0.521252,0.000087,0.017795,0.017795,0.000604
"造",造,,1,154,478,3,0.535047,0.566084,0.00191,0.035537,0.035537,0.001374
"牌",牌,,4,15,28,3,0.415306,0.435808,0,0.002675,0.002675,0.000231
"鼓",鼓,,0,43,90,3,0.4946,0.508297,0.000085,0.012073,0.012073,0.000452
"秀",秀,,0,17,32,3,0.422509,0.443231,0,0.002925,0.002925,0.000252
"青",青,,0,17,32,3,0.422509,0.443231,0,0.002925,0.002925,0.000252
"习",习,,1,62,148,3,0.495457,0.51441,0.000234,0.012312,0.012312,0.000619
"深",深,,0,96,230,3,0.515998,0.5377,0.000408,0.024261,0.024261,0.000864
"断",断,,0,115,326,3,0.524027,0.54818,0.000221,0.03301,0.03301,0.000973
"智",智,,0,22,46,3,0.47197,0.486026,0,0.006788,0.006788,0.000279
"慧",慧,,0,22,46,3,0.47197,0.486026,0,0.006788,0.006788,0.000279
"阿",阿,,0,63,136,3,0.503297,0.519942,0.000182,0.015216,0.015216,0.00061
"尔",尔,,3,64,140,3,0.505519,0.521689,0.00019,0.017387,0.017387,0.00061
"维",维,,3,179,652,3,0.53984,0.576128,0.001157,0.044936,0.044936,0.001493
"统",统,,0,64,190,3,0.502855,0.519942,0.000075,0.017112,0.017112,0.000597
"巴",巴,,0,130,438,3,0.526195,0.553857,0.000421,0.03635,0.03635,0.001098
"走",走,,3,127,424,3,0.524989,0.552256,0.000822,0.031284,0.031284,0.001129
"廊",廊,,0,61,176,3,0.500218,0.517322,0.000132,0.016903,0.016903,0.000583
"赞",赞,,4,114,382,3,0.522831,0.547162,0.000413,0.03047,0.03047,0.000985
"赏",赏,,3,42,108,3,0.491627,0.505968,0.000006,0.012819,0.012819,0.000422
"说",说,,3,87,252,3,0.514838,0.534352,0.000355,0.022984,0.022984,0.000804
"路",路,,0,122,564,3,0.524748,0.550655,0.000645,0.028577,0.028577,0.001084
"繁",繁,,0,50,136,3,0.495457,0.510917,0.00002,0.014315,0.014315,0.000483
"荣",荣,,0,80,222,3,0.510022,0.529258,0.000216,0.020066,0.020066,0.000728
"港",港,,3,112,314,3,0.521403,0.545706,0.000747,0.028772,0.028772,0.000995
"得",得,,0,189,700,3,0.542397,0.580495,0.002745,0.04363,0.04363,0.00165
"很",很,,0,78,186,3,0.513223,0.530713,0.000241,0.020509,0.020509,0.000732
"看",看,,0,37,94,3,0.497394,0.508443,0.00001,0.011595,0.011595,0.000389
"果",果,,0,106,280,3,0.519746,0.54294,0.000806,0.027481,0.027481,0.000942
"斯",斯,,0,107,274,3,0.521403,0.54425,0.000429,0.029501,0.029501,0.000931
"坦",坦,,0,55,148,3,0.502193,0.516885,0.000052,0.017444,0.017444,0.000531
"都",都,,1,161,492,3,0.534049,0.56754,0.001481,0.039319,0.039319,0.0014
"商",商,,1,189,582,3,0.543427,0.581077,0.001225,0.047834,0.047834,0.001554
"探",探,,0,11,20,4,0.419107,0.438355,0,0.002215,0.002215,0.000206
"讨",讨,,0,11,20,4,0.419107,0.438355,0,0.002215,0.002215,0.000206
"价",价,,0,7,12,3,0.388927,0.406259,0,0.000997,0.000997,0.000172
"值",值,,0,70,170,3,0.496316,0.517322,0.00031,0.015948,0.015948,0.000672
"瓜",瓜,,3,8,14,3,0.398538,0.416885,0,0.001425,0.001425,0.000177
"例",例,,1,63,170,3,0.507535,0.522707,0.000236,0.016807,0.016807,0.000626
"半",半,,0,25,50,3,0.429805,0.452256,0,0.004037,0.004037,0.000322
"富",富,,0,51,112,3,0.500218,0.51441,0.000103,0.013441,0.013441,0.000515
"汗",汗,,0,25,50,3,0.429805,0.452256,0,0.004037,0.004037,0.000322
"转",转,,0,45,130,3,0.483939,0.501456,0.000101,0.009235,0.009235,0.000483
"运",运,,3,89,294,3,0.511161,0.532606,0.000437,0.020742,0.020742,0.00081
"小",小,,0,38,84,3,0.487649,0.502038,0.000053,0.008604,0.008604,0.00042
"麦",麦,,2,49,112,3,0.487234,0.504949,0.000182,0.008657,0.008657,0.000552
"食",食,,0,48,98,3,0.489316,0.506114,0.000109,0.010618,0.010618,0.000497
"糖",糖,,0,25,50,3,0.429805,0.452256,0,0.004037,0.004037,0.000322
"肥",肥,,0,25,50,3,0.429805,0.452256,0,0.004037,0.004037,0.000322
"货",货,,0,73,190,3,0.499782,0.520524,0.000306,0.01526,0.01526,0.000701
"完",完,,1,111,294,3,0.522354,0.545997,0.000792,0.029376,0.029376,0.001002
"二",二,,0,57,132,3,0.501533,0.517031,0.000163,0.014075,0.014075,0.000565
"万",万,,0,51,186,3,0.492473,0.50917,0.00017,0.011113,0.011113,0.000527
"吨",吨,,0,13,24,3,0.408929,0.428967,0,0.002029,0.002029,0.000218
"千",千,,1,44,94,3,0.498911,0.511499,0.000191,0.011902,0.011902,0.000477
"岗",岗,,0,9,16,3,0.390785,0.408879,0,0.001629,0.001629,0.000184
"位",位,,0,64,138,3,0.504628,0.521106,0.000185,0.017235,0.017235,0.000613
"坚",坚,,3,171,668,3,0.539077,0.573362,0.000986,0.043991,0.043991,0.00143
"落",落,,0,52,124,3,0.495886,0.51179,0.000023,0.015656,0.015656,0.000498
"识",识,,3,138,466,3,0.526679,0.556477,0.000608,0.035274,0.035274,0.001179
"现",现,,0,175,594,3,0.53857,0.574236,0.001068,0.044689,0.044689,0.001459
"步",步,,0,37,132,3,0.492685,0.50524,0.000049,0.011177,0.011177,0.000409
"聚",聚,,1,20,40,3,0.469647,0.483697,0.00002,0.004911,0.004911,0.000288
"焦",焦,,1,10,18,3,0.432565,0.450364,0,0.002543,0.002543,0.000195
"民",民,,1,307,1368,3,0.575956,0.632751,0.004689,0.068591,0.068591,0.002537
"农",农,,0,43,102,3,0.497178,0.510044,0.000018,0.012235,0.012235,0.000436
"质",质,,3,45,102,3,0.490995,0.506405,0.000066,0.010798,0.010798,0.000466
"范",范,,0,78,198,3,0.513453,0.530859,0.000113,0.021124,0.021124,0.000703
"工",工,,1,130,464,3,0.526437,0.554003,0.000455,0.035157,0.035157,0.00111
"程",程,,0,116,412,3,0.523788,0.548326,0.000199,0.034353,0.034353,0.00097
"福",福,,0,72,182,3,0.508437,0.52591,0.000453,0.017526,0.017526,0.000717
"季",季,,0,30,122,3,0.481092,0.495051,0.000009,0.007428,0.007428,0.000342
"蔓",蔓,,0,14,36,3,0.426284,0.445852,0.000001,0.002768,0.002768,0.000228
"延",延,,0,14,36,3,0.426284,0.445852,0.000001,0.002768,0.002768,0.000228
"低",低,,0,41,118,3,0.493322,0.506841,0.000057,0.010717,0.010717,0.000442
"迷",迷,,3,32,80,3,0.485581,0.498836,0.000023,0.007206,0.007206,0.000384
"背",背,,1,67,178,3,0.505519,0.522562,0.00008,0.019734,0.019734,0.000624
"景",景,,0,34,88,3,0.491205,0.503348,0.000018,0.009707,0.009707,0.000379
"样",样,,4,83,206,3,0.510022,0.530131,0.000376,0.020138,0.020138,0.00077
"亮",亮,,0,14,26,3,0.460209,0.474672,0,0.003223,0.003223,0.000224
"眼",眼,,0,67,146,3,0.508437,0.524454,0.000091,0.019423,0.019423,0.000621
"绩",绩,,0,28,66,3,0.488273,0.499563,0.000012,0.007626,0.007626,0.000337
"易",易,,0,76,190,3,0.510022,0.528093,0.000313,0.018744,0.018744,0.000712
"劲",劲,,0,29,70,3,0.487027,0.498981,0.000006,0.008855,0.008855,0.000333
"韧",韧,,0,40,104,3,0.49761,0.509461,0.000016,0.012948,0.012948,0.000413
"媒",媒,,3,35,98,3,0.485787,0.499854,0.000019,0.009313,0.009313,0.000383
"解",解,,3,134,462,3,0.528624,0.556477,0.000749,0.036342,0.036342,0.001145
"读",读,,3,15,28,3,0.448316,0.465357,0,0.004377,0.004377,0.000226
"复",复,,2,81,210,3,0.513914,0.532023,0.000376,0.021206,0.021206,0.000777
"费",费,,4,50,116,3,0.497826,0.512518,0.000056,0.013366,0.013366,0.000497
"扩",扩,,4,47,114,3,0.499782,0.512955,0.000022,0.014389,0.014389,0.000464
"振",振,,0,17,32,3,0.442256,0.460844,0,0.004648,0.004648,0.000239
"需",需,,0,108,320,3,0.521165,0.544396,0.000337,0.030712,0.030712,0.00094
"子",子,,1,81,218,3,0.514838,0.532606,0.001767,0.020343,0.020343,0.000817
"享",享,,0,51,144,3,0.502413,0.515866,0.000024,0.016642,0.016642,0.000493
"汽",汽,,0,18,38,3,0.457086,0.473362,0.000015,0.003927,0.003927,0.00027
"车",车,,0,58,136,3,0.505073,0.519651,0.000191,0.015638,0.015638,0.000574
"根",根,,1,159,514,3,0.535297,0.567686,0.000817,0.041721,0.041721,0.00133
"德",德,,1,37,76,3,0.487027,0.50131,0.000011,0.01057,0.01057,0.000388
"奔",奔,,0,15,28,3,0.424546,0.444541,0,0.002442,0.002442,0.000246
"驰",驰,,0,15,28,3,0.424546,0.444541,0,0.002442,0.002442,0.000246
"销",销,,0,26,52,3,0.443283,0.464338,0.000058,0.004076,0.004076,0.000345
"比",比,,0,91,324,3,0.512534,0.534061,0.000347,0.024105,0.024105,0.000815
"超",超,,0,40,86,3,0.491627,0.505386,0.000101,0.010329,0.010329,0.000442
"另",另,,4,9,16,3,0.433384,0.450801,0,0.001725,0.001725,0.00021
"票",票,,4,9,16,3,0.433384,0.450801,0,0.001725,0.001725,0.00021
"房",房,,4,9,16,3,0.433384,0.450801,0,0.001725,0.001725,0.00021
"机",机,,1,239,806,3,0.555825,0.602475,0.002564,0.055055,0.055055,0.001983
"构",构,,1,157,496,3,0.533551,0.566084,0.000788,0.039463,0.039463,0.001323
"北",北,,1,33,68,3,0.481295,0.49607,0.000007,0.009222,0.009222,0.000362
"势",势,,0,122,314,3,0.524989,0.550801,0.000513,0.032549,0.032549,0.001055
"巨",巨,,0,23,46,3,0.485169,0.495924,0,0.00702,0.00702,0.00029
"潜",潜,,0,23,46,3,0.485169,0.495924,0,0.00702,0.00702,0.00029
"循",循,,0,31,124,3,0.491627,0.502766,0.000002,0.010539,0.010539,0.000338
"环",环,,1,164,678,3,0.536049,0.569578,0.000857,0.042573,0.042573,0.001371
"局",局,,0,104,352,3,0.518804,0.541776,0.000238,0.026642,0.026642,0.000897
"键",键,,5,44,96,3,0.485581,0.502329,0.00002,0.012071,0.012071,0.000443
"节",节,,0,23,44,3,0.463375,0.479767,0,0.006544,0.006544,0.000284
"改",改,,0,80,206,3,0.512993,0.53115,0.000136,0.022226,0.022226,0.000722
"革",革,,0,43,108,3,0.498911,0.511208,0.000019,0.012949,0.012949,0.000436
"红",红,,0,15,28,3,0.481902,0.491266,0,0.005475,0.005475,0.000225
"段",段,,3,62,162,3,0.508663,0.523144,0.000176,0.016785,0.016785,0.000603
"间",间,,1,160,558,3,0.534797,0.567686,0.000801,0.04192,0.04192,0.001335
"留",留,,1,84,278,3,0.512534,0.532023,0.000232,0.022188,0.022188,0.000777
"滋",滋,,1,39,126,3,0.492685,0.505822,0.000009,0.011421,0.011421,0.000412
"盘",盘,,1,26,72,3,0.485787,0.497234,0.000002,0.008067,0.008067,0.000315
"甚",甚,,1,65,168,3,0.507311,0.523144,0.000191,0.016127,0.016127,0.000644
"捏",捏,,1,27,56,3,0.490364,0.500728,0.000013,0.006959,0.006959,0.000337
"罪",罪,,1,107,292,3,0.519746,0.543231,0.000496,0.027408,0.027408,0.000953
"名",名,,1,130,352,3,0.524989,0.55313,0.001429,0.028361,0.028361,0.001211
"抓",抓,,1,34,72,3,0.488898,0.501747,0.00003,0.00897,0.00897,0.000387
"捕",捕,,1,63,164,3,0.505296,0.521252,0.000079,0.01633,0.01633,0.000607
"诉",诉,,1,34,72,3,0.492473,0.504221,0.000007,0.010373,0.010373,0.000374
"离",离,,1,48,110,3,0.498043,0.512082,0.000013,0.014678,0.014678,0.000473
"受",受,,1,134,422,3,0.527164,0.555604,0.000587,0.032415,0.032415,0.001152
"执",执,,1,98,294,3,0.515766,0.538137,0.000306,0.027301,0.027301,0.000862
"手",手,,0,42,102,3,0.493534,0.507278,0.000029,0.012799,0.012799,0.000433
"脑",脑,,4,15,30,4,0.414555,0.435153,0,0.002385,0.002385,0.000235
"检",检,,3,27,58,3,0.46984,0.485881,0.000022,0.006552,0.006552,0.000334
"扣",扣,,1,57,142,3,0.504405,0.518923,0.000136,0.014432,0.014432,0.000576
"述",述,,3,66,164,3,0.506413,0.522853,0.000032,0.019997,0.019997,0.0006
"露",露,,1,62,144,3,0.500875,0.518049,0.000071,0.017381,0.017381,0.000583
"护",护,,1,157,598,3,0.534547,0.566667,0.000865,0.040599,0.040599,0.00132
"权",权,,1,222,902,3,0.552073,0.595488,0.001272,0.055404,0.055404,0.0018
"虚",虚,,1,49,108,3,0.498259,0.512518,0.00004,0.014002,0.014002,0.000495
"假",假,,1,40,90,3,0.4946,0.507424,0.00002,0.012133,0.012133,0.000422
"侵",侵,,1,17,32,3,0.473532,0.485735,0,0.005811,0.005811,0.00024
"害",害,,1,100,466,3,0.517397,0.539738,0.000375,0.026509,0.026509,0.000905
"益",益,,1,113,444,3,0.519746,0.544978,0.000332,0.030584,0.030584,0.000975
"破",破,,1,81,268,3,0.510477,0.52984,0.000391,0.021955,0.021955,0.000768
"坏",坏,,1,79,266,3,0.509342,0.52853,0.000073,0.023406,0.023406,0.000701
"予",予,,3,41,110,3,0.488065,0.503202,0.000028,0.011406,0.011406,0.000432
"谴",谴,,3,28,62,3,0.487027,0.49869,0.000004,0.008781,0.008781,0.000323
"敦",敦,,3,38,96,3,0.485993,0.500873,0.000024,0.008693,0.008693,0.000422
"针",针,,1,26,60,3,0.487857,0.49869,0.000008,0.007413,0.007413,0.000318
"采",采,,3,62,184,3,0.501753,0.518632,0.000097,0.016895,0.016895,0.000592
"必",必,,1,58,174,3,0.50374,0.518777,0.0001,0.016453,0.016453,0.000566
"逢",逢,,1,11,20,3,0.463751,0.476565,0,0.00372,0.00372,0.000198
"蓬",蓬,,4,58,176,3,0.502634,0.518049,0.000177,0.014633,0.014633,0.000583
"佩",佩,,4,58,176,3,0.502634,0.518049,0.000177,0.014633,0.014633,0.000583
"奥",奥,,4,58,176,3,0.502634,0.518049,0.000177,0.014633,0.014633,0.000583
"尤",尤,,4,10,18,3,0.40091,0.419942,0,0.001547,0.001547,0.000195
"老",老,,0,173,582,3,0.53857,0.573654,0.001465,0.042347,0.042347,0.001468
"挝",挝,,0,147,458,3,0.531816,0.562154,0.001061,0.036699,0.036699,0.001268
"山",山,,0,38,78,3,0.495028,0.507132,0.000018,0.010568,0.010568,0.000405
"枉",枉,,4,14,26,3,0.44466,0.462009,0,0.003156,0.003156,0.000224
"心",心,,1,171,676,3,0.537559,0.572489,0.001174,0.042008,0.042008,0.00146
"众",众,,1,58,140,3,0.501533,0.517322,0.000248,0.015361,0.015361,0.000576
"唯",唯,,0,29,66,3,0.490364,0.50131,0.000005,0.009331,0.009331,0.000331
"陆",陆,,0,32,132,3,0.4862,0.499272,0.000088,0.008019,0.008019,0.000391
"锁",锁,,0,22,52,3,0.478279,0.490684,0.000048,0.00556,0.00556,0.000311
"既",既,,0,61,142,3,0.502193,0.518632,0.000049,0.018685,0.018685,0.000568
"略",略,,0,64,188,3,0.506861,0.522562,0.000064,0.018594,0.018594,0.0006
"热",热,,0,30,64,3,0.484144,0.497234,0.000008,0.009603,0.009603,0.000342
"梦",梦,,0,14,26,3,0.463938,0.477584,0,0.004351,0.004351,0.000222
"想",想,,1,40,122,3,0.494174,0.507132,0.000024,0.011846,0.011846,0.000423
"携",携,,0,24,54,3,0.471387,0.486172,0.000006,0.007097,0.007097,0.000298
"拓",拓,,0,10,18,3,0.452569,0.467394,0,0.002631,0.002631,0.00019
"铁",铁,,0,61,178,3,0.499564,0.516885,0.000118,0.013927,0.013927,0.000598
"象",象,,0,36,84,3,0.483326,0.498399,0.000017,0.008443,0.008443,0.000389
"速",速,,0,63,166,3,0.505296,0.521252,0.000074,0.016629,0.016629,0.000595
"别",别,,1,146,434,3,0.532311,0.562154,0.000653,0.03601,0.03601,0.001239
"底",底,,0,39,156,3,0.482715,0.498836,0.000018,0.009989,0.009989,0.000409
"写",写,,0,21,42,3,0.47314,0.486608,0,0.005444,0.005444,0.000275
"代",代,,5,56,128,3,0.505073,0.519068,0.000225,0.013769,0.013769,0.000575
"历",历,,2,74,172,3,0.506413,0.525182,0.000267,0.01708,0.01708,0.000726
"崭",崭,,0,19,38,3,0.457634,0.47409,0,0.004486,0.004486,0.000259
"姿",姿,,0,19,38,3,0.457634,0.47409,0,0.004486,0.004486,0.000259
"融",融,,0,85,220,3,0.515766,0.534352,0.00019,0.025416,0.025416,0.000762
"网",网,,5,173,898,3,0.53857,0.573654,0.001374,0.041047,0.041047,0.001481
"络",络,,5,143,722,3,0.530584,0.560262,0.000928,0.034016,0.034016,0.001249
"架",架,,0,36,84,3,0.485993,0.500291,0.000016,0.010517,0.010517,0.000387
"脉",脉,,0,22,52,3,0.475894,0.488937,0.000009,0.007205,0.007205,0.000287
"秋",秋,,1,8,16,4,0.412613,0.431368,0,0.001318,0.001318,0.000183
"欢",欢,,3,42,104,3,0.495242,0.508443,0.000013,0.013296,0.013296,0.00043
"迎",迎,,3,50,128,3,0.497826,0.512518,0.000049,0.014713,0.014713,0.000498
"条",条,,1,54,124,3,0.501753,0.516303,0.000177,0.014389,0.014389,0.000551
"突",突,,1,60,140,3,0.50485,0.520087,0.00022,0.016101,0.016101,0.000602
"瓶",瓶,,1,8,14,3,0.440724,0.456914,0,0.001035,0.001035,0.000199
"颈",颈,,1,8,14,3,0.440724,0.456914,0,0.001035,0.001035,0.000199
"姓",姓,,0,38,82,3,0.479682,0.496361,0.000034,0.008122,0.008122,0.000415
"踊",踊,,0,24,46,3,0.448844,0.468413,0,0.00488,0.00488,0.000304
"跃",跃,,0,24,46,3,0.448844,0.468413,0,0.00488,0.00488,0.000304
"因",因,,0,113,292,3,0.520455,0.545415,0.000492,0.029434,0.029434,0.000984
"获",获,,0,24,46,3,0.448844,0.468413,0,0.00488,0.00488,0.000304
"收",收,,0,37,80,3,0.485993,0.500582,0.000032,0.009104,0.009104,0.000402
"沿",沿,,0,20,42,3,0.463375,0.478894,0,0.004698,0.004698,0.000269
"线",线,,0,31,66,3,0.47236,0.488937,0.000012,0.007489,0.007489,0.000352
"居",居,,0,49,108,3,0.490784,0.507424,0.00006,0.011866,0.011866,0.000491
"待",待,,1,68,176,3,0.508211,0.5246,0.000088,0.020027,0.020027,0.000627
"便",便,,0,40,96,3,0.496746,0.508879,0.00002,0.012306,0.012306,0.000415
"辈",辈,,1,21,42,3,0.472555,0.486172,0,0.005303,0.005303,0.000276
"村",村,,0,41,88,3,0.496962,0.509316,0.000023,0.011788,0.011788,0.000426
"觉",觉,,1,10,18,3,0.418494,0.437409,0,0.00169,0.00169,0.000215
"幸",幸,,1,10,18,3,0.418494,0.437409,0,0.00169,0.00169,0.000215
"盼",盼,,1,10,18,3,0.418494,0.437409,0,0.00169,0.00169,0.000215
"头",头,,1,52,124,3,0.50485,0.517758,0.000292,0.014449,0.014449,0.000555
"简",简,,1,13,24,3,0.462626,0.476274,0,0.003403,0.003403,0.000215
"单",单,,0,85,230,3,0.513914,0.533188,0.000197,0.0233,0.0233,0.00077
"盛",盛,,0,7,12,4,0.368641,0.382897,0,0.000908,0.000908,0.000169
"水",水,,4,117,292,3,0.519274,0.545852,0.001039,0.026652,0.026652,0.001048
"畅",畅,,0,13,24,3,0.463,0.476565,0,0.003969,0.003969,0.000213
"后",后,,3,126,330,3,0.527164,0.553275,0.000392,0.034787,0.034787,0.001065
"候",候,,4,43,98,3,0.464126,0.486172,0.000053,0.007846,0.007846,0.000465
"烂",烂,,3,15,28,3,0.435858,0.454731,0,0.003344,0.003344,0.000228
"夕",夕,,0,20,38,3,0.466966,0.481659,0,0.005339,0.005339,0.000264
"听",听,,1,86,376,3,0.512075,0.532314,0.000174,0.022067,0.022067,0.000775
"声",声,,1,108,346,3,0.52164,0.544687,0.000356,0.027835,0.027835,0.000956
"吧",吧,,4,31,66,3,0.485581,0.498544,0.000012,0.007714,0.007714,0.000354
"短",短,,0,15,30,3,0.457634,0.472926,0,0.00442,0.00442,0.000231
"板",板,,0,15,30,3,0.457634,0.472926,0,0.00442,0.00442,0.000231
"桥",桥,,0,16,32,3,0.439877,0.458515,0,0.003953,0.003953,0.00024
"梁",梁,,0,16,32,3,0.439877,0.458515,0,0.003953,0.003953,0.00024
"妨",妨,,1,7,12,3,0.418341,0.43639,0,0.001773,0.001773,0.000168
"耍",耍,,4,7,12,4,0.356143,0.367031,0,0.000429,0.000429,0.000207
"嘴",嘴,,4,7,12,4,0.356143,0.367031,0,0.000429,0.000429,0.000207
"皮",皮,,4,7,12,4,0.356143,0.367031,0,0.000429,0.000429,0.000207
"挑",挑,,1,98,272,3,0.517631,0.539301,0.00019,0.026106,0.026106,0.000862
"或",或,,1,60,172,3,0.50374,0.51936,0.000139,0.014567,0.014567,0.000587
"谁",谁,,1,23,52,3,0.479079,0.491557,0.000004,0.005855,0.005855,0.000292
"祉",祉,,0,27,62,3,0.488898,0.499709,0.000003,0.009063,0.009063,0.000315
"族",族,,1,94,358,3,0.514838,0.53639,0.000249,0.024342,0.024342,0.000838
"寻",寻,,3,63,156,3,0.504405,0.52067,0.000235,0.015772,0.015772,0.00063
"。",。,,0,39,96,3,0.490784,0.504512,0.000009,0.011226,0.011226,0.000407
"连",连,,1,29,62,3,0.491838,0.502329,0.000004,0.008968,0.008968,0.00033
"摒",摒,,3,36,78,3,0.483939,0.498836,0.000007,0.008496,0.008496,0.000403
"弃",弃,,4,65,148,3,0.49761,0.516739,0.00033,0.013119,0.013119,0.000645
"陈",陈,,3,28,56,3,0.481295,0.494614,0,0.006591,0.006591,0.000343
"旧",旧,,3,28,56,3,0.481295,0.494614,0,0.006591,0.006591,0.000343
"冷",冷,,3,66,204,3,0.506189,0.522707,0.000074,0.016741,0.016741,0.000629
"思",思,,3,58,178,3,0.502193,0.517758,0.000045,0.014787,0.014787,0.000568
"零",零,,3,28,56,3,0.481295,0.494614,0,0.006591,0.006591,0.000343
"博",博,,3,28,56,3,0.481295,0.494614,0,0.006591,0.006591,0.000343
"弈",弈,,3,28,56,3,0.481295,0.494614,0,0.006591,0.006591,0.000343
"俄",俄,,3,29,62,3,0.46907,0.485881,0.000002,0.007388,0.007388,0.000332
"而",而,,1,63,168,3,0.505519,0.521397,0.00025,0.01681,0.01681,0.000633
"轨",轨,,1,34,80,3,0.495671,0.506405,0.000004,0.010903,0.010903,0.000366
"贯",贯,,1,78,278,3,0.510705,0.529112,0.00006,0.024798,0.024798,0.000688
"选",选,,3,51,136,3,0.501753,0.515429,0.000113,0.015465,0.015465,0.000517
"拿",拿,,3,45,142,3,0.49761,0.510917,0.000023,0.012964,0.012964,0.000455
"棱",棱,,0,25,48,3,0.47314,0.487773,0,0.007044,0.007044,0.000301
"镜",镜,,0,25,48,3,0.47314,0.487773,0,0.007044,0.007044,0.000301
"窃",窃,,5,95,298,3,0.515534,0.537118,0.000332,0.024003,0.024003,0.000853
"指",指,,3,42,118,3,0.49205,0.506259,0.00001,0.013169,0.013169,0.000422
"讽",讽,,1,16,30,3,0.472945,0.485007,0,0.004547,0.004547,0.000251
"刺",刺,,1,16,30,3,0.472945,0.485007,0,0.004547,0.004547,0.000251
"味",味,,1,16,30,3,0.472945,0.485007,0,0.004547,0.004547,0.000251
"闻",闻,,1,42,90,3,0.496962,0.509607,0.000486,0.011634,0.011634,0.000514
"攻",攻,,5,96,292,3,0.518334,0.539156,0.000196,0.026459,0.026459,0.000842
"击",击,,5,80,230,3,0.512304,0.530713,0.000177,0.022197,0.022197,0.000727
"己",己,,1,51,130,3,0.500875,0.514847,0.000103,0.014007,0.014007,0.000518
"软",软,,2,27,58,3,0.482512,0.495197,0.000013,0.006707,0.006707,0.000332
"硬",硬,,2,27,58,3,0.482512,0.495197,0.000013,0.006707,0.006707,0.000332
"件",件,,1,124,312,3,0.525229,0.551528,0.000644,0.032641,0.032641,0.001074
"占",占,,1,42,96,3,0.501753,0.512809,0.000021,0.01263,0.01263,0.000434
"掌",掌,,1,22,48,3,0.471776,0.485881,0.000008,0.00571,0.00571,0.000293
"握",握,,1,22,48,3,0.471776,0.485881,0.000008,0.00571,0.00571,0.000293
"洞",洞,,5,32,66,3,0.483939,0.497671,0.00002,0.007654,0.007654,0.000373
"拥",拥,,5,22,42,3,0.46488,0.48064,0,0.005128,0.005128,0.000285
"登",登,,3,9,16,3,0.398122,0.416739,0,0.001627,0.001627,0.000183
"列",列,,1,19,80,3,0.473532,0.486317,0,0.005439,0.005439,0.000256
"犯",犯,,1,68,164,3,0.50374,0.521689,0.000109,0.019218,0.019218,0.000634
"组",组,,1,121,356,3,0.520218,0.547598,0.000497,0.030003,0.030003,0.001052
"织",织,,1,123,354,3,0.520928,0.548617,0.000631,0.030358,0.030358,0.001074
"告",告,,1,71,178,3,0.509795,0.526492,0.000089,0.020206,0.020206,0.000644
"航",航,,1,4,16,4,0.342097,0.347962,0,0.000174,0.000174,0.000152
"空",空,,1,18,38,3,0.482308,0.492431,0.000314,0.004633,0.004633,0.000286
"科",科,,2,52,122,3,0.499564,0.514265,0.000041,0.014173,0.014173,0.000508
"石",石,,2,5,8,4,0.388927,0.40575,0,0.00084,0.00084,0.000175
"油",油,,2,5,8,4,0.388927,0.40575,0,0.00084,0.00084,0.000175
"渗",渗,,5,26,52,3,0.457817,0.476274,0,0.006672,0.006672,0.000308
"显",显,,0,50,122,3,0.496962,0.511936,0.000098,0.012203,0.012203,0.000519
"见",见,,3,102,294,3,0.518334,0.540902,0.000348,0.027677,0.027677,0.000903
"谎",谎,,4,38,90,3,0.491205,0.504512,0.000056,0.008808,0.008808,0.00042
"遍",遍,,4,67,190,3,0.508437,0.524454,0.000244,0.016738,0.016738,0.000641
"帝",帝,,1,20,42,3,0.471387,0.485007,0,0.004566,0.004566,0.000279
"即",即,,1,50,130,3,0.496101,0.511354,0.000046,0.013013,0.013013,0.00051
"贼",贼,,1,41,202,3,0.490995,0.50524,0.000041,0.010014,0.010014,0.000451
"喊",喊,,1,28,84,3,0.484144,0.496652,0.000008,0.007506,0.007506,0.000347
"捉",捉,,1,28,84,3,0.484144,0.496652,0.000008,0.007506,0.007506,0.000347
"戏",戏,,1,25,70,3,0.477481,0.490975,0.000004,0.006094,0.006094,0.000324
"抗",抗,,0,13,32,3,0.463,0.476565,0.000001,0.003437,0.003437,0.000216
"债",债,,1,132,616,3,0.528624,0.555895,0.000395,0.03702,0.03702,0.001116
"缓",缓,,0,61,170,3,0.503076,0.519214,0.000125,0.016059,0.016059,0.000597
"倡",倡,,0,85,232,3,0.510933,0.531295,0.000169,0.021756,0.021756,0.000767
"照",照,,1,38,90,3,0.492897,0.505677,0.000008,0.011342,0.011342,0.000398
"处",处,,1,132,370,3,0.528137,0.555604,0.000906,0.03418,0.03418,0.001159
"私",私,,1,36,78,3,0.492685,0.504949,0.000011,0.011135,0.011135,0.000385
"昨",昨,,1,33,72,3,0.490574,0.50262,0.000005,0.010046,0.010046,0.000363
"特",特,,1,80,222,3,0.509795,0.529112,0.000129,0.022567,0.022567,0.000714
"快",快,,1,39,86,3,0.496531,0.508443,0.000013,0.01186,0.01186,0.000406
"累",累,,0,19,36,3,0.444488,0.463319,0,0.004825,0.004825,0.000255
"银",银,,0,18,58,3,0.462626,0.477729,0.000002,0.004238,0.004238,0.000249
"排",排,,3,91,268,3,0.514838,0.535517,0.000128,0.025635,0.025635,0.000791
"升",升,,0,31,78,3,0.47928,0.494032,0.000025,0.008765,0.008765,0.000353
"币",币,,1,34,156,3,0.477282,0.49345,0.000012,0.008173,0.008173,0.000377
"预",预,,0,54,118,3,0.500875,0.515721,0.000141,0.012937,0.012937,0.000543
"测",测,,0,13,24,3,0.44902,0.465357,0,0.002623,0.002623,0.000216
"映",映,,1,28,68,3,0.48682,0.498544,0.000001,0.009921,0.009921,0.000318
"份",份,,2,73,182,3,0.509342,0.526783,0.000155,0.019711,0.019711,0.00068
"难",难,,0,52,122,3,0.500875,0.515138,0.000043,0.014885,0.014885,0.000517
"贵",贵,,0,20,40,3,0.471582,0.485153,0,0.00556,0.00556,0.000268
"拉",拉,,0,18,36,3,0.470806,0.483988,0,0.005963,0.005963,0.000246
"广",广,,0,63,166,3,0.506413,0.52198,0.000061,0.018942,0.018942,0.00059
"阔",阔,,0,15,28,3,0.467156,0.480349,0,0.004696,0.004696,0.000227
"遇",遇,,1,34,68,3,0.489735,0.502329,0.000025,0.009611,0.009611,0.000384
"添",添,,0,17,34,3,0.469647,0.482824,0,0.005433,0.005433,0.00024
"西",西,,1,117,384,3,0.522354,0.547744,0.000435,0.031522,0.031522,0.001018
"牧",牧,,3,23,44,3,0.480285,0.492431,0,0.005028,0.005028,0.000313
"请",请,,3,23,44,3,0.480285,0.492431,0,0.005028,0.005028,0.000313
"帮",帮,,0,79,216,3,0.508889,0.528239,0.000184,0.019956,0.019956,0.000738
"找",找,,3,61,166,3,0.501973,0.518486,0.00009,0.016123,0.016123,0.000599
"牦",牦,,3,23,44,3,0.480285,0.492431,0,0.005028,0.005028,0.000313
"牛",牛,,3,23,44,3,0.480285,0.492431,0,0.005028,0.005028,0.000313
"士",士,,3,81,208,3,0.508437,0.52853,0.00019,0.021141,0.021141,0.000756
"兵",兵,,3,23,44,3,0.480285,0.492431,0,0.005028,0.005028,0.000313
"失",失,,3,34,88,3,0.488481,0.501456,0.000032,0.008011,0.008011,0.000408
"队",队,,0,20,38,3,0.475498,0.488064,0,0.005883,0.005883,0.000264
"印",印,,3,71,216,3,0.507086,0.524745,0.000229,0.018909,0.018909,0.000667
"搜",搜,,3,12,22,4,0.414555,0.434279,0,0.001845,0.001845,0.000216
"救",救,,3,12,22,4,0.414555,0.434279,0,0.001845,0.001845,0.000216
"医",医,,3,15,28,3,0.457817,0.473071,0,0.004341,0.004341,0.000232
"移",移,,3,22,50,3,0.468878,0.483697,0.000008,0.005846,0.005846,0.000295
"紧",紧,,3,22,44,3,0.477083,0.489811,0.000024,0.005555,0.005555,0.000302
"七",七,,0,21,42,3,0.469262,0.483697,0,0.006102,0.006102,0.000272
"轮",轮,,0,42,96,3,0.485581,0.501747,0.000017,0.011193,0.011193,0.000432
"级",级,,0,64,146,3,0.498476,0.517031,0.000131,0.016251,0.016251,0.000616
"宁",宁,,1,13,24,3,0.43437,0.452838,0,0.003722,0.003722,0.000209
"湾",湾,,1,136,474,3,0.529113,0.557351,0.000492,0.035554,0.035554,0.001149
"土",土,,1,24,66,3,0.491838,0.500873,0.000003,0.008061,0.008061,0.0003
"割",割,,1,15,56,3,0.483939,0.492722,0,0.005467,0.005467,0.000229
"普",普,,1,28,94,3,0.493534,0.503202,0.000001,0.009629,0.009629,0.00032
"官",官,,3,86,264,3,0.515766,0.534643,0.000167,0.024835,0.024835,0.000769
"往",往,,3,58,138,3,0.503297,0.518486,0.000116,0.017805,0.017805,0.000553
"恪",恪,,1,21,56,3,0.476091,0.488792,0.000001,0.006687,0.006687,0.000271
"慎",慎,,1,29,60,3,0.4862,0.498399,0.000005,0.008488,0.008488,0.000328
"妥",妥,,1,49,142,3,0.493747,0.509461,0.000148,0.012995,0.012995,0.000503
"善",善,,1,57,156,3,0.498911,0.515284,0.000131,0.015889,0.015889,0.000556
"桑",桑,,3,33,74,3,0.48089,0.495779,0.000021,0.009886,0.009886,0.00037
"尼",尼,,3,14,26,3,0.450079,0.466521,0,0.004015,0.004015,0.00022
"祝",祝,,3,16,32,3,0.425492,0.445706,0.000018,0.003427,0.003427,0.000252
"顺",顺,,3,21,52,3,0.443455,0.463028,0.000006,0.004777,0.004777,0.000279
"呼",呼,,1,35,76,3,0.491838,0.504076,0.000019,0.010068,0.010068,0.00039
"吁",吁,,1,15,28,3,0.472555,0.484425,0,0.005051,0.005051,0.000231
"尊",尊,,1,32,70,3,0.484759,0.498253,0.000035,0.008462,0.008462,0.000372
"结",结,,4,11,20,3,0.450256,0.465793,0,0.002801,0.002801,0.000197
"张",张,,1,38,88,3,0.493109,0.505822,0.00004,0.011119,0.011119,0.00041
"风",风,,1,46,108,3,0.491205,0.506841,0.000055,0.01048,0.01048,0.000479
"俗",俗,,1,30,74,3,0.471193,0.487773,0.000004,0.006275,0.006275,0.000352
"惯",惯,,1,30,74,3,0.471193,0.487773,0.000004,0.006275,0.006275,0.000352
"宗",宗,,1,50,142,3,0.489944,0.507132,0.000077,0.010483,0.010483,0.000524
"仰",仰,,1,30,74,3,0.471193,0.487773,0.000004,0.006275,0.006275,0.000352
"彻",彻,,3,59,186,3,0.50485,0.519796,0.000063,0.017491,0.017491,0.000559
"毫",毫,,1,18,50,3,0.47236,0.485153,0,0.005486,0.005486,0.000248
"滥",滥,,1,14,28,3,0.463938,0.477584,0,0.004336,0.004336,0.000219
"肆",肆,,2,77,208,3,0.509115,0.527802,0.000162,0.020318,0.020318,0.000712
"剥",剥,,1,38,84,3,0.492897,0.505677,0.000004,0.011407,0.011407,0.000395
"夺",夺,,1,38,84,3,0.492897,0.505677,0.000004,0.011407,0.011407,0.000395
"迫",迫,,2,43,114,3,0.499346,0.511499,0.000073,0.01257,0.01257,0.000463
"售",售,,2,25,58,3,0.475696,0.489665,0.000024,0.006049,0.006049,0.000327
"股",股,,2,16,36,3,0.462066,0.47671,0,0.004027,0.004027,0.00024
"扭",扭,,1,20,40,3,0.468494,0.482824,0,0.005261,0.005261,0.000266
"曲",曲,,1,47,114,3,0.498476,0.512082,0.000051,0.012177,0.012177,0.000489
"尽",尽,,1,59,138,3,0.504628,0.519651,0.000153,0.015623,0.015623,0.000567
"睹",睹,,1,11,20,3,0.424703,0.443523,0,0.002512,0.002512,0.000198
"操",操,,1,36,74,3,0.487649,0.501456,0.000024,0.009935,0.009935,0.000394
"纵",纵,,1,24,52,3,0.470226,0.485298,0.000013,0.005405,0.005405,0.000308
"汇",汇,,1,41,94,3,0.488481,0.503493,0.000029,0.010273,0.010273,0.000432
"率",率,,1,71,162,3,0.508211,0.525473,0.000153,0.018918,0.018918,0.000658
"稽",稽,,1,21,46,3,0.481902,0.493013,0.000015,0.005079,0.005079,0.00029
"威",威,,1,44,104,3,0.488898,0.504658,0.000011,0.012247,0.012247,0.00044
"均",均,,1,58,128,3,0.495457,0.513246,0.000119,0.013077,0.013077,0.000568
"估",估,,0,33,88,3,0.483735,0.497817,0.000041,0.006357,0.006357,0.000388
"血",血,,0,9,16,3,0.456721,0.470451,0,0.00248,0.00248,0.000186
"贷",贷,,1,51,124,3,0.503518,0.516594,0.000015,0.016757,0.016757,0.000494
"丰",丰,,0,30,62,3,0.49205,0.502766,0,0.010057,0.010057,0.000335
"杆",杆,,4,17,32,3,0.450256,0.46754,0,0.004235,0.004235,0.000241
"泛",泛,,0,17,42,3,0.47412,0.486172,0,0.004877,0.004877,0.000242
"令",令,,1,96,236,3,0.516464,0.537991,0.000334,0.024152,0.024152,0.00086
"置",置,,1,73,168,3,0.509342,0.526783,0.000093,0.020178,0.020178,0.00067
"纯",纯,,1,44,120,3,0.49396,0.508151,0.000027,0.011854,0.011854,0.000458
"粹",粹,,1,30,62,3,0.485993,0.498544,0,0.008354,0.008354,0.000347
"酸",酸,,1,30,62,3,0.485993,0.498544,0,0.008354,0.008354,0.000347
"葡",葡,,1,30,62,3,0.485993,0.498544,0,0.008354,0.008354,0.000347
"萄",萄,,1,30,62,3,0.485993,0.498544,0,0.008354,0.008354,0.000347
"宏",宏,,4,20,38,3,0.443627,0.462882,0,0.005278,0.005278,0.000264
"素",素,,4,20,38,3,0.443627,0.462882,0,0.005278,0.005278,0.000264
"款",款,,1,27,62,3,0.490154,0.500582,0,0.008902,0.008902,0.000316
"困",困,,0,89,270,3,0.514145,0.534498,0.000256,0.023177,0.023177,0.000813
"逼",逼,,1,7,12,3,0.450965,0.465211,0,0.0022,0.0022,0.000168
"渠",渠,,0,25,58,3,0.47471,0.488937,0.000004,0.007422,0.007422,0.000302
"减",减,,0,100,396,3,0.520691,0.541776,0.000127,0.030805,0.030805,0.000852
"集",集,,0,32,72,3,0.479481,0.494469,0.000011,0.00786,0.00786,0.000368
"暂",暂,,0,25,50,3,0.474907,0.489083,0,0.006358,0.006358,0.000312
"贫",贫,,0,181,918,3,0.541627,0.577729,0.001574,0.045819,0.045819,0.001529
"穷",穷,,0,32,66,3,0.480688,0.495342,0.000247,0.007382,0.007382,0.000427
"降",降,,0,28,62,3,0.484349,0.496798,0,0.008164,0.008164,0.000327
"摆",摆,,0,44,136,3,0.498693,0.511354,0.000061,0.012284,0.012284,0.000471
"那",那,,1,21,88,3,0.481092,0.492431,0.00001,0.005841,0.005841,0.000297
"里",里,,1,9,16,3,0.463563,0.475837,0,0.002886,0.002886,0.000189
"歪",歪,,1,17,36,3,0.474513,0.486463,0,0.004628,0.004628,0.000254
"编",编,,1,24,56,3,0.488898,0.498836,0.000008,0.006963,0.006963,0.000311
"躬",躬,,3,11,20,3,0.457634,0.471761,0,0.002948,0.002948,0.0002
"省",省,,4,34,70,3,0.485581,0.499418,0.000044,0.008311,0.008311,0.000394
"藏",藏,,1,102,360,3,0.518569,0.541048,0.000246,0.028228,0.028228,0.000891
"属",属,,1,19,58,3,0.473728,0.486463,0.000002,0.005406,0.005406,0.00026
"容",容,,1,21,44,3,0.464126,0.479767,0.000004,0.005404,0.005404,0.000275
"弄",弄,,1,24,46,3,0.463,0.479767,0,0.006775,0.006775,0.000292
"旨",旨,,1,23,54,3,0.485993,0.496507,0.000002,0.007407,0.007407,0.000291
"亡",亡,,1,32,86,3,0.488898,0.501164,0.000027,0.008746,0.008746,0.000363
"纲",纲,,1,15,30,3,0.445006,0.462591,0,0.003803,0.003803,0.000228
"妄",妄,,1,18,34,3,0.457086,0.473362,0,0.004435,0.004435,0.000249
"图",图,,1,97,250,3,0.515534,0.5377,0.000296,0.025853,0.025853,0.000865
"裂",裂,,1,45,136,3,0.494814,0.509025,0.000038,0.012893,0.012893,0.00046
"它",它,,5,22,46,3,0.478079,0.490539,0.000024,0.005739,0.005739,0.000297
"宪",宪,,1,12,24,3,0.465258,0.47802,0,0.003633,0.003633,0.000209
"洛",洛,,3,21,48,3,0.464315,0.479913,0.000001,0.005927,0.005927,0.000276
"孙",孙,,3,21,48,3,0.464315,0.479913,0.000001,0.005927,0.005927,0.000276
"尾",尾,,1,12,26,3,0.460394,0.474236,0,0.002923,0.002923,0.00021
"罗",罗,,1,61,136,3,0.501973,0.518486,0.000126,0.015885,0.015885,0.000584
"号",号,,0,27,58,3,0.476686,0.490975,0.000003,0.008115,0.008115,0.000312
"捍",捍,,1,18,34,3,0.461694,0.477001,0,0.004821,0.004821,0.000251
"疆",疆,,1,176,648,3,0.540604,0.575691,0.001194,0.044958,0.044958,0.001474
"久",久,,0,4,6,4,0.389588,0.406186,0,0.000724,0.000724,0.000146
4,4,,0,41,96,3,0.490995,0.50524,0.000015,0.011601,0.011601,0.000423
8,8,,0,28,60,3,0.481497,0.49476,0,0.008709,0.008709,0.000323
"挺",挺,,0,28,60,3,0.481497,0.49476,0,0.008709,0.008709,0.000323
"赴",赴,,0,19,36,3,0.47629,0.488355,0,0.005815,0.005815,0.000259
"访",访,,3,46,116,3,0.497826,0.511354,0.000036,0.01301,0.01301,0.000472
"亲",亲,,0,29,66,3,0.476686,0.491557,0.000006,0.007865,0.007865,0.000331
"纷",纷,,4,21,84,3,0.450079,0.468559,0,0.004078,0.004078,0.000283
"称",称,,1,80,198,3,0.510933,0.52984,0.000269,0.020824,0.020824,0.000738
"恐",恐,,4,21,42,3,0.450079,0.468559,0,0.004078,0.004078,0.000283
"状",状,,1,34,94,3,0.48869,0.501601,0.000026,0.008575,0.008575,0.000391
"越",越,,1,45,200,3,0.492685,0.507569,0.000028,0.012175,0.012175,0.000456
"像",像,,0,24,48,3,0.482512,0.494323,0,0.007766,0.007766,0.000292
"撒",撒,,4,19,44,3,0.421887,0.443231,0.000003,0.002979,0.002979,0.000269
"欺",欺,,4,38,138,3,0.491838,0.504949,0.000032,0.009781,0.009781,0.000412
"骗",骗,,4,38,138,3,0.491838,0.504949,0.000032,0.009781,0.009781,0.000412
"偷",偷,,1,35,128,3,0.46188,0.482096,0.00004,0.006592,0.006592,0.000395
"炮",炮,,1,15,28,3,0.477282,0.487918,0,0.004355,0.004355,0.000233
"劳",劳,,1,69,186,3,0.507086,0.524163,0.000074,0.019409,0.019409,0.000633
"凭",凭,,1,16,30,3,0.4817,0.491412,0,0.004486,0.004486,0.000246
"择",择,,3,12,22,3,0.456903,0.47147,0,0.003075,0.003075,0.000214
"职",职,,3,12,22,3,0.456903,0.47147,0,0.003075,0.003075,0.000214
"限",限,,3,76,264,3,0.508211,0.526929,0.00007,0.021021,0.021021,0.000677
"语",语,,1,60,130,3,0.503076,0.518923,0.000067,0.016038,0.016038,0.000577
"字",字,,1,46,104,3,0.484759,0.502329,0.000077,0.009553,0.009553,0.000487
"依",依,,1,114,372,3,0.519039,0.544833,0.000347,0.028168,0.028168,0.000987
"良",良,,1,26,52,3,0.479481,0.492722,0,0.008253,0.008254,0.000306
"让",让,,1,17,58,3,0.47629,0.487773,0,0.005776,0.005776,0.000244
"舒",舒,,1,17,58,3,0.47629,0.487773,0,0.005776,0.005776,0.000244
"吾",吾,,1,21,40,3,0.439877,0.459971,0,0.004875,0.004875,0.000274
"群",群,,1,21,40,3,0.439877,0.459971,0,0.004875,0.004875,0.000274
"障",障,,1,41,110,3,0.491838,0.505822,0.000013,0.012094,0.012094,0.000421
"哪",哪,,3,12,22,3,0.455994,0.470742,0,0.003102,0.003102,0.000207
"滑",滑,,1,10,18,3,0.452212,0.467103,0,0.002371,0.002371,0.000196
"又",又,,2,17,32,3,0.44902,0.466521,0,0.004398,0.004398,0.00024
"搞",搞,,1,36,80,3,0.49205,0.504512,0.000023,0.009964,0.009964,0.000392
"裁",裁,,0,16,42,3,0.465069,0.479039,0.000001,0.005096,0.005096,0.000234
"拨",拨,,1,55,134,3,0.503961,0.518049,0.000035,0.016388,0.016388,0.00053
"遏",遏,,3,41,98,3,0.494174,0.507424,0.000005,0.012096,0.012096,0.000421
"险",险,,3,41,98,3,0.494174,0.507424,0.000005,0.012096,0.012096,0.000421
"恶",恶,,1,68,184,3,0.505742,0.522999,0.000037,0.020143,0.020143,0.000618
"劣",劣,,1,29,92,3,0.491838,0.502329,0.000007,0.008545,0.008545,0.000342
"迹",迹,,1,29,92,3,0.491838,0.502329,0.000007,0.008545,0.008545,0.000342
"斑",斑,,1,28,144,3,0.487857,0.499272,0.000006,0.007935,0.007935,0.000335
"虐",虐,,0,9,16,3,0.40021,0.418923,0,0.001066,0.001066,0.000236
"囚",囚,,0,9,16,3,0.40021,0.418923,0,0.001066,0.001066,0.000236
"丑",丑,,0,9,16,3,0.40021,0.418923,0,0.001066,0.001066,0.000236
"层",层,,0,9,16,3,0.40021,0.418923,0,0.001066,0.001066,0.000236
"枪",枪,,0,16,30,3,0.43322,0.452693,0,0.003449,0.003449,0.000235
"死",死,,2,31,64,3,0.473728,0.489956,0.000042,0.005286,0.005286,0.000399
"裔",裔,,1,17,34,3,0.471387,0.484134,0,0.003976,0.003976,0.000253
"忧",忧,,1,17,34,3,0.471387,0.484134,0,0.003976,0.003976,0.000253
"精",精,,1,19,36,3,0.46984,0.483552,0,0.005784,0.005784,0.000255
"伐",伐,,0,13,26,3,0.47788,0.487773,0,0.004773,0.004773,0.000213
"倒",倒,,1,51,192,3,0.498911,0.513537,0.000065,0.013743,0.013743,0.000519
"耙",耙,,1,38,98,3,0.491416,0.504658,0.00003,0.010006,0.010006,0.000422
"胡",胡,,1,14,26,3,0.440554,0.458515,0,0.003124,0.003124,0.000227
"八",八,,1,24,48,3,0.480688,0.493013,0.00002,0.006693,0.006693,0.000313
"偏",偏,,3,47,144,3,0.498693,0.512227,0.000009,0.013594,0.013594,0.000467
"蓄",蓄,,1,34,82,3,0.485787,0.499563,0.000005,0.010283,0.010283,0.000368
"污",污,,4,71,166,3,0.507761,0.525182,0.000273,0.016736,0.016737,0.000679
"蔑",蔑,,1,44,96,3,0.498476,0.511208,0.000023,0.012697,0.012697,0.000451
"仍",仍,,0,13,26,3,0.447615,0.464192,0,0.003564,0.003564,0.000217
"逆",逆,,0,13,26,3,0.447615,0.464192,0,0.003564,0.003564,0.000217
"九",九,,0,7,12,3,0.389456,0.406841,0,0.001115,0.001115,0.000183
"月",月,,0,7,12,3,0.389456,0.406841,0,0.001115,0.001115,0.000183
"厚",厚,,0,20,40,3,0.459286,0.475691,0,0.005044,0.005044,0.000266
"惠",惠,,0,48,122,3,0.485581,0.503493,0.000083,0.011285,0.011285,0.000493
"脱",脱,,0,76,260,3,0.511389,0.528967,0.000299,0.020475,0.020475,0.000711
"除",除,,3,75,228,3,0.508211,0.526638,0.000075,0.020117,0.020117,0.00067
"亿",亿,,1,12,22,3,0.465447,0.478166,0,0.003607,0.003607,0.000211
"胜",胜,,1,24,48,3,0.47928,0.491994,0.000013,0.007167,0.007167,0.000306
"围",围,,0,41,90,3,0.49396,0.507278,0.000008,0.012243,0.012243,0.000418
"践",践,,0,30,64,3,0.49205,0.502766,0.000002,0.01066,0.01066,0.000333
"框",框,,0,26,62,3,0.467156,0.483552,0,0.006796,0.006796,0.000311
"扎",扎,,0,26,62,3,0.467156,0.483552,0,0.006796,0.006796,0.000311
0,0,,4,11,20,4,0.412167,0.431659,0,0.002022,0.002022,0.000202
"缺",缺,,3,8,14,3,0.382815,0.399709,0,0.001283,0.001283,0.000178
"扶",扶,,0,51,112,3,0.487649,0.505822,0.000061,0.013311,0.013311,0.000511
"云",云,,4,25,50,3,0.459286,0.477147,0,0.005411,0.005411,0.000319
"麻",麻,,4,25,50,3,0.459286,0.477147,0,0.005411,0.005411,0.000319
"栗",栗,,4,25,50,3,0.459286,0.477147,0,0.005411,0.005411,0.000319
"坡",坡,,4,25,50,3,0.459286,0.477147,0,0.005411,0.005411,0.000319
"县",县,,4,32,70,3,0.470226,0.487627,0.00004,0.007215,0.007215,0.000388
"摘",摘,,1,11,20,3,0.424074,0.44294,0,0.002504,0.002504,0.000208
"帽",帽,,1,11,20,3,0.424074,0.44294,0,0.002504,0.002504,0.000208
"巩",巩,,0,8,14,4,0.385262,0.402547,0,0.00116,0.00116,0.000178
"固",固,,4,37,84,3,0.445872,0.469723,0.000073,0.005825,0.005825,0.000427
"伊",伊,,3,90,394,3,0.514838,0.535226,0.000083,0.026211,0.026211,0.000774
"朗",朗,,3,44,94,3,0.490995,0.506114,0.000008,0.012445,0.012445,0.000435
"旅",旅,,3,29,60,3,0.480084,0.494032,0,0.007801,0.007801,0.000328
"志",志,,3,14,26,3,0.427718,0.447162,0,0.002668,0.002668,0.000234
"阶",阶,,3,14,26,3,0.427718,0.447162,0,0.002668,0.002668,0.000234
"毕",毕,,3,14,26,3,0.427718,0.447162,0,0.002668,0.002668,0.000234
"刻",刻,,3,38,82,3,0.496316,0.508006,0.00001,0.011748,0.011748,0.000395
"效",效,,1,36,122,3,0.487027,0.501019,0.000005,0.010651,0.010651,0.000376
"散",散,,1,21,42,3,0.476488,0.489083,0,0.006362,0.006362,0.000269
"按",按,,1,25,52,3,0.483939,0.495633,0,0.007416,0.007416,0.000301
"宜",宜,,1,9,16,3,0.395783,0.414265,0,0.001658,0.001658,0.000184
"岛",岛,,1,63,142,3,0.505296,0.521252,0.000168,0.014343,0.014343,0.000622
"射",射,,3,17,32,3,0.419107,0.440029,0,0.002771,0.002771,0.000255
"洋",洋,,1,52,110,3,0.501313,0.515429,0.000034,0.014619,0.014619,0.000509
"站",站,,1,71,172,3,0.506861,0.5246,0.00015,0.017907,0.017907,0.000667
"含",含,,0,25,48,3,0.470033,0.485444,0,0.00456,0.00456,0.000316
"氚",氚,,0,25,48,3,0.470033,0.485444,0,0.00456,0.00456,0.000316
"废",废,,4,53,118,3,0.487649,0.506405,0.000136,0.009055,0.009055,0.000552
"案",案,,1,63,144,3,0.503961,0.520378,0.000187,0.014553,0.014553,0.000623
"披",披,,3,22,42,3,0.470806,0.485153,0,0.006032,0.006032,0.000277
"兜",兜,,1,12,22,3,0.45947,0.473508,0,0.002786,0.002786,0.000219
"火",火,,1,12,22,3,0.45947,0.473508,0,0.002786,0.002786,0.000219
"服",服,,1,12,24,3,0.421421,0.440757,0,0.00268,0.00268,0.000206
"缘",缘,,1,29,66,3,0.484554,0.497234,0.000019,0.0086,0.0086,0.000336
"骨",骨,,1,13,24,3,0.456721,0.471616,0,0.003347,0.003347,0.000213
"撤",撤,,3,13,24,4,0.40021,0.42016,0,0.001657,0.001657,0.000223
"刚",刚,,1,12,22,3,0.455994,0.470742,0,0.003417,0.003417,0.000205
"契",契,,3,24,48,3,0.479682,0.492285,0,0.008095,0.008095,0.000288
"凝",凝,,1,12,22,3,0.448668,0.464774,0,0.002396,0.002396,0.000216
"睦",睦,,0,17,32,3,0.470419,0.483406,0,0.00611,0.00611,0.000238
"吹",吹,,5,13,24,3,0.452927,0.468559,0,0.002951,0.002951,0.000216
"洁",洁,,5,46,158,3,0.496962,0.510771,0.000066,0.011039,0.011039,0.000491
"竞",竞,,2,15,28,3,0.419414,0.439738,0,0.002771,0.002771,0.000232
"凿",凿,,3,25,48,3,0.482715,0.49476,0,0.007638,0.007638,0.000299
"警",警,,2,26,50,3,0.465069,0.481951,0,0.006674,0.006674,0.000307
"音",音,,2,20,38,3,0.479481,0.490975,0,0.006779,0.006779,0.000263
"肮",肮,,5,46,172,3,0.497394,0.511063,0.000059,0.012202,0.012202,0.000473
"脏",脏,,5,46,172,3,0.497394,0.511063,0.000059,0.012202,0.012202,0.000473
"呢",呢,,5,12,22,3,0.420492,0.439884,0,0.002138,0.002138,0.000212
"五",五,,0,34,66,3,0.488481,0.501456,0,0.010609,0.010609,0.000365
"序",序,,0,34,66,3,0.488481,0.501456,0,0.010609,0.010609,0.000365
"垄",垄,,5,29,64,3,0.482715,0.495924,0.000008,0.007491,0.007491,0.000338
"霸",霸,,5,36,72,3,0.490364,0.503348,0.00003,0.009024,0.009024,0.000403
"某",某,,2,27,56,3,0.487441,0.49869,0,0.008342,0.008342,0.000313
"盗",盗,,1,11,20,3,0.435858,0.453566,0,0.002578,0.002578,0.000209
"屡",屡,,1,11,20,3,0.435858,0.453566,0,0.002578,0.002578,0.000209
"芝",芝,,1,18,34,3,0.47236,0.485153,0,0.004456,0.004456,0.000251
"凌",凌,,5,18,34,3,0.463,0.47802,0,0.003801,0.003801,0.000263
"词",词,,5,18,34,3,0.463,0.47802,0,0.003801,0.003801,0.000263
"画",画,,1,10,20,3,0.441063,0.457787,0,0.002446,0.002446,0.000201
"牢",牢,,1,10,20,3,0.441063,0.457787,0,0.002446,0.002446,0.000201
"趣",趣,,5,18,36,3,0.46984,0.483261,0,0.005074,0.005074,0.000253
"询",询,,3,21,44,3,0.465636,0.480932,0,0.006299,0.006299,0.00027
"阐",阐,,3,21,44,3,0.465636,0.480932,0,0.006299,0.006299,0.00027
"刊",刊,,3,25,48,3,0.4817,0.494032,0,0.007742,0.007742,0.000306
"录",录,,3,25,48,3,0.4817,0.494032,0,0.007742,0.007742,0.000306
"频",频,,3,25,48,3,0.4817,0.494032,0,0.007742,0.007742,0.000306
"香",香,,3,43,100,3,0.48869,0.504221,0.000018,0.012022,0.012022,0.000437
"乱",乱,,3,25,50,3,0.467538,0.483552,0,0.006787,0.006787,0.000304
"庇",庇,,3,25,50,3,0.467538,0.483552,0,0.006787,0.006787,0.000304
"楚",楚,,3,7,12,3,0.417731,0.435808,0,0.00156,0.00156,0.000168
"拘",拘,,1,21,40,3,0.472945,0.486463,0,0.00497,0.00497,0.000283
"押",押,,1,33,70,3,0.48869,0.50131,0.000027,0.008065,0.008065,0.000385
"孟",孟,,1,48,110,3,0.497178,0.511499,0.000098,0.011744,0.011744,0.000501
"晚",晚,,1,82,196,3,0.510933,0.530422,0.00027,0.021352,0.021352,0.000757
"舟",舟,,1,48,110,3,0.497178,0.511499,0.000098,0.011744,0.011744,0.000501
"敢",敢,,1,13,24,3,0.455812,0.470888,0,0.004049,0.004049,0.000211
"逮",逮,,1,55,138,3,0.501973,0.516739,0.000052,0.014759,0.014759,0.00054
"绝",绝,,3,6,10,4,0.399372,0.417249,0,0.001227,0.001227,0.000163
"逞",逞,,1,32,72,3,0.489944,0.501892,0.00006,0.009202,0.009202,0.000372
"释",释,,1,24,48,3,0.482715,0.494469,0,0.006372,0.006372,0.0003
"考",考,,4,12,22,3,0.471582,0.482824,0,0.003827,0.003827,0.000208
"虑",虑,,4,30,62,3,0.490784,0.501892,0.00002,0.008618,0.008618,0.000353
"早",早,,1,12,22,3,0.389721,0.408588,0,0.001624,0.001624,0.000211
"办",办,,1,42,98,3,0.487649,0.503202,0.00003,0.011435,0.011435,0.000437
"嫌",嫌,,1,39,96,3,0.489944,0.50393,0.000015,0.010196,0.010196,0.000413
"侦",侦,,1,10,18,3,0.451855,0.466812,0,0.002571,0.002571,0.000192
"疑",疑,,1,22,44,3,0.482512,0.493741,0,0.006905,0.006905,0.000279
"遭",遭,,1,29,58,3,0.487441,0.499272,0,0.008464,0.008464,0.000339
"颠",颠,,1,29,58,3,0.487441,0.499272,0,0.008464,0.008464,0.000339
"白",白,,1,29,58,3,0.487441,0.499272,0,0.008464,0.008464,0.000339
"控",控,,1,21,40,3,0.481092,0.492431,0,0.0059,0.0059,0.000279
"辄",辄,,1,16,30,3,0.479883,0.490102,0,0.004549,0.004549,0.000244
"谍",谍,,1,18,34,3,0.4347,0.454585,0,0.003836,0.003836,0.00026
"荒",荒,,1,18,34,3,0.4347,0.454585,0,0.003836,0.003836,0.00026
"谬",谬,,1,18,34,3,0.4347,0.454585,0,0.003836,0.003836,0.00026
"损",损,,1,83,362,3,0.513683,0.53246,0.00009,0.023476,0.023476,0.000735
"演",演,,2,17,38,3,0.476686,0.488064,0,0.005295,0.005295,0.000252
"赤",赤,,2,17,38,3,0.476686,0.488064,0,0.005295,0.005295,0.000252
"裸",裸,,2,17,76,3,0.476686,0.488064,0,0.005295,0.005295,0.000252
"毁",毁,,1,31,62,3,0.487441,0.499854,0.000017,0.007789,0.007789,0.000356
"卡",卡,,2,27,62,3,0.473336,0.488501,0.000012,0.005064,0.005064,0.000364
"锡",锡,,2,27,62,3,0.473336,0.488501,0.000012,0.005064,0.005064,0.000364
"臭",臭,,2,24,46,3,0.463375,0.480058,0,0.003759,0.003759,0.000342
"昭",昭,,2,24,46,3,0.463375,0.480058,0,0.003759,0.003759,0.000342
"著",著,,2,24,46,3,0.463375,0.480058,0,0.003759,0.003759,0.000342
"灰",灰,,2,24,46,3,0.463375,0.480058,0,0.003759,0.003759,0.000342
"燃",燃,,2,24,46,3,0.463375,0.480058,0,0.003759,0.003759,0.000342
"尸",尸,,2,24,46,3,0.463375,0.480058,0,0.003759,0.003759,0.000342
"魂",魂,,2,24,46,3,0.463375,0.480058,0,0.003759,0.003759,0.000342
"斐",斐,,3,129,644,3,0.526437,0.553712,0.000329,0.035069,0.035069,0.001084
"勒",勒,,1,19,38,3,0.429482,0.450218,0,0.003943,0.003943,0.000258
"伪",伪,,1,40,146,3,0.485581,0.501164,0.000028,0.009838,0.009838,0.000429
"悬",悬,,1,26,54,3,0.473728,0.488501,0,0.006741,0.006741,0.00032
"挂",挂,,1,26,54,3,0.473728,0.488501,0,0.006741,0.006741,0.00032
"蛋",蛋,,1,26,54,3,0.473728,0.488501,0,0.006741,0.006741,0.00032
"糕",糕,,1,26,54,3,0.473728,0.488501,0,0.006741,0.006741,0.00032
"太",太,,1,30,62,3,0.489107,0.500728,0,0.008772,0.008772,0.000342
"谋",谋,,1,30,62,3,0.489107,0.500728,0,0.008772,0.008772,0.000342
"引",引,,3,22,42,3,0.48089,0.492576,0,0.006281,0.006281,0.000282
"庆",庆,,1,28,56,3,0.47768,0.491994,0,0.0081,0.0081,0.000322
"酒",酒,,1,41,86,3,0.498043,0.510044,0,0.012889,0.012889,0.000421
"店",店,,1,41,86,3,0.498043,0.510044,0,0.012889,0.012889,0.000421
"衅",衅,,1,41,86,3,0.498043,0.510044,0,0.012889,0.012889,0.000421
"肢",肢,,1,41,86,3,0.498043,0.510044,0,0.012889,0.012889,0.000421
"冲",冲,,1,41,86,3,0.498043,0.510044,0,0.012889,0.012889,0.000421
"伤",伤,,1,17,34,3,0.471193,0.483988,0,0.004775,0.004775,0.000242
"究",究,,3,40,86,3,0.489944,0.504221,0,0.012415,0.012415,0.000405
"贺",贺,,3,7,12,4,0.395236,0.413173,0,0.001328,0.001328,0.000173
"届",届,,0,16,34,3,0.463938,0.478166,0,0.004872,0.004872,0.000234
"礼",礼,,4,8,14,4,0.410394,0.429039,0,0.001656,0.001656,0.000176
"遗",遗,,1,17,34,3,0.469262,0.482533,0,0.005106,0.005106,0.000247
"余",余,,1,17,34,3,0.469262,0.482533,0,0.005106,0.005106,0.000247
"诋",诋,,4,21,40,3,0.478079,0.490247,0,0.005536,0.005536,0.000278
"濒",濒,,4,31,70,3,0.436856,0.460262,0,0.004698,0.004698,0.000371
"危",危,,4,31,70,3,0.436856,0.460262,0,0.004698,0.004698,0.000371
"野",野,,4,31,70,3,0.436856,0.460262,0,0.004698,0.004698,0.000371
"森",森,,4,31,70,3,0.436856,0.460262,0,0.004698,0.004698,0.000371
"林",林,,4,31,70,3,0.436856,0.460262,0,0.004698,0.004698,0.000371
"诸",诸,,4,31,70,3,0.436856,0.460262,0,0.004698,0.004698,0.000371
"戳",戳,,1,14,28,3,0.473336,0.484716,0,0.003795,0.003795,0.000233
"雄",雄,,1,13,24,3,0.450079,0.46623,0,0.003681,0.003681,0.000221
"辩",辩,,1,13,24,3,0.450079,0.46623,0,0.003681,0.003681,0.000221
